horas_semana,velocidad_alta,plazos_ajustados,demanda_emocional,presentismo,apoyo_jefe,apoyo_companeros,reconocimiento,conciliacion,bienestar_who5,tamanio_empresa,sector,nivel_educativo,teletrabajo
42.0,2.0,2.0,1.0,1.0,5.0,5.0,5.0,5.0,64.0,4.0,1,3.0,1.0
45.0,1.0,3.0,1.0,2.0,4.0,4.0,5.0,5.0,60.0,4.0,1,4.0,5.0
30.0,3.0,4.0,1.0,2.0,5.0,5.0,5.0,4.0,72.0,4.0,1,5.0,1.0
40.0,1.0,1.0,1.0,2.0,5.0,5.0,5.0,5.0,100.0,3.0,1,1.0,1.0
35.0,3.0,5.0,1.0,2.0,5.0,4.0,5.0,4.0,56.0,3.0,1,4.0,1.0
40.0,3.0,3.0,1.0,2.0,5.0,4.0,5.0,4.0,76.0,2.0,1,1.0,1.0
40.0,1.0,1.0,1.0,2.0,5.0,5.0,5.0,4.0,100.0,5.0,1,1.0,1.0
40.0,4.0,3.0,3.0,1.0,5.0,5.0,4.0,3.0,52.0,6.0,1,4.0,1.0
40.0,2.0,1.0,3.0,2.0,4.0,4.0,4.0,5.0,60.0,6.0,1,6.0,5.0
30.0,5.0,5.0,1.0,2.0,4.0,5.0,4.0,5.0,84.0,3.0,1,6.0,1.0
40.0,3.0,3.0,1.0,2.0,5.0,5.0,5.0,4.0,96.0,3.0,1,2.0,1.0
40.0,5.0,5.0,3.0,1.0,4.0,2.0,4.0,3.0,56.0,4.0,1,3.0,1.0
40.0,2.0,3.0,2.0,2.0,5.0,5.0,5.0,4.0,80.0,2.0,1,5.0,1.0
39.0,1.0,3.0,3.0,2.0,3.0,5.0,2.0,4.0,80.0,3.0,1,2.0,1.0
7.0,3.0,3.0,1.0,2.0,5.0,5.0,5.0,5.0,96.0,3.0,1,6.0,1.0
40.0,3.0,3.0,1.0,2.0,5.0,5.0,5.0,5.0,84.0,4.0,1,3.0,1.0
40.0,2.0,1.0,2.0,2.0,5.0,5.0,5.0,5.0,96.0,4.0,1,5.0,1.0
40.0,3.0,4.0,2.0,2.0,5.0,5.0,5.0,2.0,88.0,4.0,1,5.0,1.0
40.0,2.0,3.0,2.0,2.0,5.0,5.0,1.0,4.0,48.0,5.0,1,3.0,1.0
45.0,5.0,5.0,3.0,2.0,4.0,5.0,5.0,3.0,44.0,6.0,1,9.0,3.0
40.0,5.0,1.0,1.0,2.0,1.0,5.0,4.0,4.0,92.0,4.0,1,4.0,1.0
39.0,5.0,5.0,2.0,2.0,5.0,5.0,5.0,4.0,40.0,6.0,7,7.0,4.0
40.0,3.0,1.0,1.0,2.0,5.0,5.0,3.0,5.0,64.0,7.0,7,3.0,1.0
48.0,5.0,4.0,2.0,1.0,4.0,4.0,2.0,3.0,56.0,6.0,7,5.0,1.0
48.0,5.0,4.0,3.0,2.0,2.0,5.0,4.0,4.0,60.0,6.0,7,6.0,1.0
40.0,5.0,5.0,1.0,1.0,5.0,5.0,5.0,3.0,76.0,6.0,7,3.0,1.0
30.0,1.0,1.0,1.0,2.0,5.0,5.0,4.0,5.0,80.0,4.0,7,5.0,1.0
50.0,1.0,3.0,1.0,2.0,5.0,5.0,5.0,4.0,56.0,8.0,7,7.0,6.0
40.0,5.0,3.0,3.0,1.0,3.0,3.0,2.0,4.0,56.0,8.0,7,3.0,1.0
40.0,5.0,3.0,4.0,2.0,2.0,5.0,1.0,2.0,32.0,4.0,7,7.0,1.0
40.0,3.0,1.0,1.0,2.0,5.0,5.0,4.0,5.0,40.0,4.0,7,3.0,1.0
45.0,5.0,3.0,4.0,2.0,5.0,5.0,5.0,5.0,64.0,8.0,7,5.0,4.0
40.0,4.0,2.0,1.0,2.0,5.0,5.0,4.0,3.0,84.0,5.0,7,8.0,2.0
40.0,5.0,5.0,3.0,2.0,4.0,4.0,3.0,5.0,56.0,8.0,7,5.0,1.0
40.0,5.0,5.0,5.0,2.0,1.0,2.0,1.0,2.0,48.0,6.0,7,3.0,1.0
40.0,3.0,3.0,4.0,2.0,5.0,5.0,5.0,5.0,76.0,6.0,7,4.0,1.0
42.0,4.0,3.0,2.0,2.0,4.0,4.0,4.0,4.0,56.0,7.0,7,5.0,4.0
40.0,1.0,1.0,2.0,2.0,4.0,4.0,5.0,4.0,52.0,4.0,7,9.0,2.0
40.0,2.0,3.0,2.0,2.0,3.0,5.0,5.0,3.0,44.0,5.0,7,7.0,1.0
40.0,5.0,4.0,1.0,2.0,1.0,3.0,1.0,5.0,84.0,7.0,7,3.0,1.0
40.0,4.0,1.0,1.0,2.0,5.0,5.0,4.0,5.0,100.0,4.0,7,3.0,1.0
40.0,3.0,2.0,1.0,1.0,5.0,4.0,5.0,4.0,100.0,4.0,7,4.0,1.0
40.0,3.0,3.0,1.0,1.0,3.0,3.0,5.0,4.0,60.0,5.0,7,2.0,1.0
40.0,3.0,1.0,1.0,2.0,5.0,5.0,3.0,3.0,48.0,8.0,7,3.0,1.0
40.0,3.0,3.0,2.0,2.0,3.0,3.0,4.0,4.0,76.0,4.0,7,4.0,1.0
40.0,4.0,4.0,3.0,2.0,5.0,4.0,3.0,4.0,52.0,5.0,7,8.0,4.0
40.0,5.0,5.0,1.0,2.0,3.0,5.0,5.0,5.0,60.0,8.0,7,3.0,1.0
40.0,5.0,5.0,1.0,2.0,2.0,2.0,4.0,4.0,92.0,3.0,7,4.0,1.0
40.0,3.0,2.0,3.0,2.0,4.0,4.0,2.0,4.0,48.0,8.0,7,4.0,1.0
55.0,5.0,4.0,1.0,2.0,4.0,4.0,1.0,2.0,28.0,5.0,7,5.0,1.0
50.0,4.0,5.0,3.0,1.0,2.0,4.0,4.0,2.0,64.0,3.0,7,3.0,1.0
40.0,5.0,5.0,3.0,2.0,2.0,2.0,1.0,2.0,56.0,6.0,7,7.0,2.0
42.0,5.0,2.0,1.0,2.0,5.0,5.0,5.0,4.0,76.0,4.0,7,5.0,1.0
40.0,3.0,1.0,1.0,2.0,3.0,5.0,1.0,3.0,68.0,4.0,7,4.0,1.0
40.0,5.0,4.0,2.0,2.0,5.0,5.0,5.0,5.0,40.0,4.0,7,3.0,1.0
40.0,5.0,5.0,2.0,1.0,2.0,3.0,4.0,4.0,24.0,4.0,7,3.0,1.0
42.0,4.0,2.0,1.0,2.0,5.0,5.0,4.0,4.0,64.0,7.0,7,6.0,1.0
40.0,4.0,2.0,1.0,2.0,4.0,4.0,5.0,4.0,68.0,4.0,7,7.0,6.0
40.0,5.0,1.0,1.0,2.0,5.0,5.0,4.0,4.0,64.0,4.0,7,6.0,1.0
24.0,5.0,4.0,3.0,2.0,5.0,4.0,4.0,5.0,80.0,3.0,7,5.0,2.0
42.0,2.0,4.0,2.0,2.0,3.0,3.0,4.0,2.0,68.0,5.0,7,6.0,1.0
40.0,4.0,3.0,2.0,2.0,5.0,5.0,2.0,3.0,40.0,6.0,7,3.0,2.0
40.0,4.0,5.0,2.0,2.0,4.0,5.0,5.0,4.0,88.0,8.0,7,3.0,2.0
40.0,4.0,4.0,3.0,2.0,4.0,4.0,5.0,4.0,52.0,5.0,7,6.0,3.0
40.0,5.0,5.0,1.0,2.0,5.0,5.0,5.0,4.0,64.0,5.0,7,8.0,3.0
20.0,1.0,1.0,2.0,2.0,5.0,5.0,5.0,5.0,80.0,6.0,7,3.0,1.0
40.0,2.0,4.0,3.0,2.0,4.0,5.0,5.0,4.0,36.0,3.0,7,5.0,4.0
40.0,4.0,3.0,1.0,2.0,5.0,5.0,5.0,4.0,68.0,4.0,7,3.0,2.0
40.0,2.0,2.0,1.0,2.0,5.0,4.0,5.0,4.0,68.0,4.0,7,2.0,1.0
40.0,4.0,4.0,2.0,2.0,4.0,5.0,5.0,5.0,88.0,4.0,7,4.0,3.0
40.0,2.0,4.0,2.0,1.0,3.0,2.0,4.0,3.0,56.0,3.0,7,5.0,2.0
40.0,3.0,3.0,1.0,2.0,4.0,5.0,1.0,4.0,80.0,4.0,7,4.0,1.0
40.0,4.0,5.0,2.0,2.0,4.0,5.0,4.0,5.0,64.0,4.0,7,2.0,1.0
40.0,5.0,4.0,3.0,2.0,2.0,4.0,5.0,5.0,96.0,5.0,7,5.0,2.0
40.0,3.0,5.0,3.0,2.0,4.0,1.0,5.0,4.0,80.0,4.0,7,5.0,2.0
39.0,5.0,5.0,3.0,1.0,5.0,5.0,5.0,4.0,84.0,4.0,7,7.0,1.0
40.0,5.0,5.0,3.0,2.0,3.0,5.0,2.0,3.0,60.0,6.0,7,6.0,2.0
40.0,5.0,5.0,2.0,2.0,4.0,5.0,4.0,4.0,60.0,8.0,7,7.0,2.0
40.0,1.0,3.0,2.0,2.0,4.0,4.0,5.0,4.0,60.0,5.0,7,8.0,6.0
37.0,3.0,5.0,3.0,2.0,2.0,2.0,1.0,2.0,40.0,5.0,7,5.0,2.0
30.0,4.0,4.0,3.0,2.0,5.0,5.0,5.0,5.0,64.0,4.0,7,7.0,6.0
40.0,4.0,4.0,3.0,2.0,5.0,5.0,4.0,4.0,76.0,6.0,7,3.0,4.0
40.0,2.0,1.0,3.0,2.0,5.0,4.0,1.0,5.0,64.0,4.0,7,6.0,1.0
40.0,4.0,3.0,2.0,2.0,5.0,5.0,4.0,4.0,60.0,5.0,7,6.0,5.0
40.0,2.0,4.0,3.0,2.0,4.0,5.0,5.0,5.0,80.0,8.0,7,5.0,1.0
35.0,2.0,3.0,1.0,1.0,5.0,5.0,5.0,4.0,72.0,4.0,7,8.0,1.0
40.0,2.0,4.0,2.0,2.0,4.0,5.0,5.0,4.0,84.0,8.0,7,7.0,2.0
48.0,5.0,5.0,5.0,2.0,2.0,5.0,4.0,2.0,72.0,6.0,7,7.0,1.0
40.0,4.0,3.0,2.0,2.0,5.0,5.0,5.0,5.0,72.0,2.0,7,6.0,2.0
40.0,3.0,3.0,1.0,2.0,4.0,5.0,5.0,5.0,72.0,5.0,7,5.0,1.0
45.0,5.0,5.0,3.0,1.0,3.0,3.0,4.0,4.0,72.0,5.0,7,5.0,6.0
56.0,3.0,4.0,3.0,2.0,4.0,5.0,3.0,3.0,60.0,8.0,7,4.0,5.0
40.0,4.0,3.0,1.0,2.0,5.0,5.0,5.0,4.0,64.0,4.0,7,7.0,3.0
40.0,5.0,4.0,4.0,2.0,2.0,1.0,1.0,4.0,40.0,8.0,7,8.0,3.0
40.0,5.0,5.0,3.0,2.0,5.0,5.0,4.0,5.0,64.0,4.0,7,5.0,4.0
40.0,5.0,4.0,3.0,2.0,5.0,5.0,5.0,5.0,96.0,6.0,7,8.0,6.0
46.0,4.0,5.0,4.0,1.0,4.0,4.0,2.0,3.0,72.0,5.0,7,7.0,4.0
40.0,3.0,4.0,3.0,2.0,5.0,5.0,4.0,4.0,56.0,7.0,7,7.0,3.0
40.0,3.0,2.0,1.0,2.0,3.0,3.0,4.0,5.0,48.0,5.0,7,3.0,1.0
50.0,5.0,5.0,3.0,1.0,5.0,5.0,5.0,4.0,68.0,6.0,7,6.0,3.0
32.0,3.0,3.0,1.0,2.0,4.0,4.0,2.0,4.0,56.0,8.0,7,7.0,3.0
40.0,4.0,4.0,2.0,2.0,4.0,5.0,4.0,3.0,56.0,7.0,7,7.0,2.0
48.0,4.0,4.0,1.0,2.0,5.0,5.0,5.0,5.0,68.0,6.0,7,7.0,3.0
42.0,2.0,3.0,2.0,2.0,4.0,4.0,4.0,5.0,68.0,4.0,7,8.0,6.0
45.0,4.0,3.0,2.0,2.0,4.0,4.0,4.0,5.0,84.0,7.0,7,5.0,4.0
40.0,4.0,5.0,1.0,2.0,4.0,4.0,4.0,4.0,52.0,8.0,7,5.0,1.0
40.0,2.0,1.0,1.0,2.0,5.0,5.0,5.0,4.0,68.0,7.0,7,3.0,1.0
40.0,3.0,5.0,3.0,2.0,3.0,4.0,3.0,4.0,84.0,8.0,7,8.0,6.0
40.0,4.0,5.0,1.0,2.0,2.0,3.0,4.0,5.0,80.0,5.0,7,3.0,1.0
20.0,3.0,4.0,3.0,1.0,3.0,3.0,1.0,5.0,44.0,4.0,7,5.0,4.0
43.0,2.0,1.0,1.0,2.0,5.0,5.0,5.0,5.0,100.0,8.0,7,3.0,1.0
40.0,4.0,4.0,1.0,2.0,4.0,4.0,5.0,5.0,76.0,6.0,7,5.0,2.0
50.0,5.0,5.0,5.0,2.0,1.0,3.0,4.0,2.0,52.0,5.0,7,3.0,1.0
66.0,5.0,5.0,4.0,1.0,5.0,5.0,3.0,2.0,72.0,3.0,7,3.0,1.0
50.0,4.0,4.0,2.0,2.0,5.0,4.0,5.0,5.0,52.0,8.0,7,7.0,6.0
40.0,5.0,5.0,2.0,1.0,4.0,4.0,3.0,4.0,52.0,6.0,7,6.0,4.0
45.0,3.0,5.0,1.0,2.0,3.0,4.0,5.0,4.0,72.0,4.0,7,5.0,1.0
38.0,4.0,4.0,2.0,2.0,5.0,4.0,4.0,4.0,72.0,7.0,7,6.0,4.0
40.0,5.0,5.0,3.0,1.0,3.0,3.0,1.0,5.0,20.0,5.0,7,5.0,2.0
38.0,2.0,4.0,1.0,2.0,5.0,4.0,3.0,5.0,64.0,8.0,7,7.0,4.0
25.0,2.0,3.0,2.0,1.0,5.0,5.0,3.0,4.0,76.0,2.0,7,5.0,1.0
40.0,4.0,3.0,1.0,2.0,5.0,5.0,2.0,5.0,60.0,4.0,7,3.0,1.0
70.0,5.0,5.0,2.0,2.0,2.0,5.0,5.0,3.0,48.0,2.0,7,4.0,1.0
40.0,4.0,5.0,2.0,2.0,4.0,5.0,1.0,4.0,56.0,5.0,7,5.0,1.0
40.0,1.0,1.0,3.0,2.0,3.0,3.0,5.0,4.0,68.0,4.0,7,4.0,2.0
40.0,4.0,4.0,4.0,2.0,1.0,4.0,1.0,5.0,68.0,5.0,7,5.0,5.0
40.0,2.0,2.0,2.0,2.0,5.0,5.0,5.0,5.0,96.0,4.0,7,5.0,1.0
60.0,4.0,5.0,2.0,1.0,5.0,5.0,5.0,4.0,52.0,7.0,7,8.0,3.0
40.0,1.0,1.0,1.0,2.0,5.0,5.0,5.0,5.0,100.0,4.0,7,3.0,1.0
40.0,3.0,3.0,4.0,2.0,5.0,5.0,5.0,4.0,80.0,6.0,7,8.0,5.0
40.0,1.0,3.0,3.0,2.0,2.0,5.0,1.0,4.0,36.0,6.0,7,5.0,2.0
40.0,2.0,2.0,1.0,2.0,5.0,5.0,4.0,4.0,84.0,1.0,7,7.0,6.0
32.0,5.0,5.0,3.0,2.0,3.0,2.0,4.0,4.0,52.0,3.0,7,8.0,4.0
40.0,2.0,2.0,2.0,2.0,4.0,4.0,3.0,4.0,56.0,4.0,7,8.0,3.0
20.0,1.0,1.0,1.0,1.0,4.0,5.0,5.0,4.0,68.0,4.0,7,4.0,1.0
40.0,4.0,5.0,2.0,2.0,5.0,5.0,5.0,5.0,72.0,6.0,7,5.0,1.0
60.0,5.0,5.0,5.0,1.0,2.0,4.0,1.0,2.0,56.0,4.0,7,7.0,6.0
60.0,5.0,5.0,2.0,1.0,5.0,5.0,5.0,5.0,80.0,5.0,7,8.0,3.0
40.0,3.0,3.0,1.0,2.0,5.0,4.0,5.0,4.0,84.0,3.0,7,5.0,3.0
40.0,3.0,3.0,2.0,2.0,2.0,5.0,4.0,3.0,64.0,5.0,7,5.0,1.0
35.0,3.0,3.0,3.0,1.0,3.0,3.0,2.0,4.0,60.0,2.0,7,8.0,4.0
40.0,1.0,1.0,1.0,2.0,5.0,5.0,1.0,5.0,100.0,4.0,7,4.0,1.0
40.0,3.0,3.0,1.0,2.0,5.0,5.0,4.0,4.0,60.0,4.0,7,5.0,2.0
42.0,4.0,4.0,3.0,2.0,5.0,5.0,3.0,3.0,36.0,6.0,7,7.0,4.0
40.0,2.0,2.0,1.0,2.0,5.0,5.0,5.0,5.0,100.0,2.0,7,4.0,1.0
45.0,3.0,4.0,3.0,2.0,4.0,4.0,5.0,4.0,48.0,7.0,7,8.0,3.0
40.0,5.0,4.0,4.0,2.0,5.0,5.0,5.0,4.0,76.0,7.0,7,8.0,4.0
40.0,4.0,3.0,2.0,2.0,4.0,4.0,4.0,5.0,84.0,6.0,7,8.0,2.0
40.0,3.0,4.0,2.0,2.0,4.0,4.0,4.0,5.0,60.0,5.0,7,8.0,4.0
40.0,5.0,1.0,3.0,2.0,3.0,5.0,1.0,3.0,52.0,8.0,7,5.0,2.0
40.0,2.0,2.0,3.0,2.0,2.0,5.0,3.0,4.0,20.0,4.0,7,5.0,2.0
45.0,3.0,5.0,3.0,2.0,4.0,5.0,3.0,4.0,48.0,5.0,7,6.0,2.0
40.0,4.0,4.0,2.0,1.0,1.0,4.0,1.0,4.0,48.0,4.0,7,5.0,1.0
40.0,5.0,1.0,3.0,1.0,1.0,5.0,1.0,2.0,88.0,8.0,7,5.0,2.0
38.0,2.0,4.0,2.0,2.0,3.0,5.0,1.0,4.0,92.0,6.0,7,5.0,2.0
40.0,4.0,3.0,2.0,2.0,4.0,4.0,5.0,5.0,76.0,8.0,7,5.0,2.0
40.0,1.0,3.0,2.0,2.0,5.0,5.0,5.0,4.0,84.0,4.0,7,3.0,5.0
45.0,1.0,1.0,1.0,2.0,5.0,5.0,5.0,5.0,68.0,4.0,7,3.0,1.0
40.0,2.0,5.0,2.0,2.0,5.0,5.0,5.0,5.0,88.0,8.0,7,3.0,2.0
40.0,3.0,3.0,2.0,2.0,3.0,5.0,2.0,3.0,68.0,8.0,7,4.0,2.0
40.0,5.0,5.0,1.0,2.0,4.0,4.0,3.0,4.0,60.0,6.0,7,5.0,1.0
60.0,1.0,5.0,2.0,2.0,5.0,5.0,5.0,4.0,76.0,4.0,7,3.0,1.0
40.0,3.0,3.0,1.0,2.0,5.0,5.0,5.0,5.0,88.0,7.0,7,3.0,6.0
40.0,3.0,2.0,2.0,2.0,5.0,5.0,1.0,5.0,48.0,4.0,7,5.0,1.0
40.0,5.0,5.0,4.0,1.0,5.0,4.0,5.0,5.0,52.0,5.0,7,8.0,4.0
35.0,3.0,4.0,3.0,2.0,4.0,4.0,3.0,5.0,60.0,8.0,7,5.0,2.0
50.0,5.0,4.0,3.0,1.0,5.0,5.0,5.0,3.0,52.0,8.0,7,7.0,4.0
40.0,5.0,5.0,5.0,1.0,2.0,2.0,1.0,4.0,52.0,5.0,7,8.0,6.0
39.0,2.0,3.0,3.0,2.0,5.0,5.0,5.0,5.0,80.0,4.0,7,4.0,1.0
40.0,4.0,4.0,2.0,1.0,4.0,4.0,2.0,4.0,56.0,7.0,7,5.0,1.0
40.0,4.0,5.0,2.0,1.0,4.0,5.0,2.0,2.0,12.0,5.0,7,6.0,2.0
40.0,2.0,5.0,2.0,2.0,2.0,5.0,5.0,5.0,68.0,5.0,7,4.0,1.0
45.0,3.0,1.0,3.0,2.0,5.0,3.0,5.0,5.0,92.0,7.0,7,3.0,1.0
40.0,3.0,2.0,2.0,2.0,5.0,5.0,5.0,5.0,84.0,4.0,7,4.0,1.0
40.0,2.0,2.0,1.0,2.0,5.0,5.0,5.0,5.0,88.0,3.0,7,3.0,1.0
40.0,4.0,4.0,3.0,2.0,5.0,5.0,5.0,4.0,80.0,4.0,7,3.0,1.0
40.0,5.0,3.0,1.0,2.0,3.0,4.0,5.0,5.0,76.0,6.0,7,5.0,1.0
40.0,5.0,3.0,3.0,1.0,3.0,5.0,5.0,5.0,84.0,6.0,7,5.0,1.0
50.0,5.0,4.0,3.0,2.0,5.0,5.0,4.0,4.0,84.0,4.0,7,5.0,6.0
40.0,2.0,2.0,1.0,2.0,5.0,5.0,5.0,4.0,92.0,8.0,7,7.0,4.0
40.0,4.0,4.0,3.0,2.0,5.0,5.0,4.0,4.0,72.0,4.0,7,5.0,5.0
40.0,1.0,3.0,1.0,2.0,5.0,5.0,5.0,5.0,88.0,7.0,7,5.0,2.0
40.0,2.0,4.0,1.0,2.0,5.0,5.0,5.0,5.0,92.0,4.0,7,5.0,1.0
40.0,3.0,4.0,1.0,2.0,5.0,4.0,5.0,4.0,76.0,4.0,7,6.0,3.0
40.0,2.0,2.0,1.0,2.0,5.0,5.0,5.0,4.0,80.0,3.0,7,6.0,2.0
40.0,1.0,1.0,3.0,2.0,5.0,5.0,5.0,5.0,100.0,2.0,7,5.0,1.0
40.0,5.0,5.0,2.0,1.0,2.0,5.0,1.0,2.0,24.0,4.0,7,5.0,1.0
40.0,3.0,3.0,2.0,2.0,3.0,5.0,2.0,4.0,56.0,3.0,7,3.0,1.0
35.0,2.0,4.0,1.0,2.0,5.0,5.0,4.0,4.0,84.0,4.0,7,5.0,2.0
40.0,1.0,1.0,2.0,2.0,5.0,4.0,5.0,5.0,84.0,4.0,7,5.0,1.0
40.0,2.0,4.0,1.0,2.0,3.0,3.0,4.0,4.0,56.0,1.0,7,4.0,1.0
64.0,4.0,5.0,4.0,2.0,5.0,4.0,4.0,3.0,60.0,5.0,7,6.0,6.0
40.0,4.0,4.0,1.0,2.0,5.0,5.0,5.0,5.0,92.0,4.0,7,5.0,2.0
40.0,3.0,3.0,2.0,1.0,5.0,5.0,5.0,4.0,88.0,4.0,7,8.0,5.0
40.0,1.0,2.0,1.0,2.0,5.0,5.0,4.0,4.0,72.0,2.0,7,4.0,5.0
40.0,3.0,3.0,2.0,2.0,5.0,5.0,3.0,4.0,52.0,5.0,7,7.0,2.0
40.0,3.0,3.0,3.0,1.0,3.0,5.0,1.0,2.0,40.0,4.0,7,5.0,5.0
40.0,4.0,5.0,5.0,2.0,5.0,5.0,5.0,4.0,80.0,4.0,7,9.0,4.0
40.0,2.0,4.0,3.0,2.0,5.0,5.0,1.0,3.0,76.0,7.0,7,7.0,2.0
40.0,5.0,5.0,1.0,2.0,5.0,5.0,2.0,4.0,40.0,8.0,7,7.0,2.0
40.0,2.0,4.0,1.0,2.0,5.0,5.0,5.0,5.0,76.0,5.0,7,6.0,2.0
40.0,1.0,3.0,2.0,2.0,5.0,5.0,4.0,4.0,44.0,4.0,7,8.0,4.0
50.0,5.0,5.0,3.0,1.0,1.0,5.0,5.0,2.0,96.0,4.0,7,4.0,1.0
40.0,5.0,5.0,2.0,1.0,4.0,5.0,3.0,3.0,16.0,8.0,7,8.0,6.0
40.0,3.0,4.0,3.0,2.0,5.0,5.0,5.0,4.0,96.0,4.0,7,5.0,1.0
40.0,3.0,3.0,1.0,2.0,5.0,5.0,5.0,5.0,80.0,8.0,7,5.0,3.0
38.0,4.0,4.0,2.0,2.0,2.0,4.0,3.0,5.0,64.0,8.0,7,8.0,3.0
43.0,4.0,5.0,3.0,1.0,4.0,4.0,4.0,4.0,52.0,7.0,7,6.0,3.0
44.0,1.0,1.0,3.0,1.0,5.0,5.0,3.0,4.0,72.0,6.0,7,5.0,1.0
40.0,2.0,3.0,2.0,2.0,5.0,5.0,5.0,5.0,80.0,2.0,7,8.0,6.0
40.0,3.0,3.0,1.0,2.0,5.0,5.0,1.0,4.0,80.0,4.0,7,5.0,3.0
40.0,5.0,5.0,5.0,1.0,3.0,1.0,5.0,4.0,20.0,4.0,7,5.0,4.0
40.0,3.0,3.0,2.0,2.0,4.0,4.0,1.0,5.0,64.0,5.0,7,9.0,3.0
40.0,3.0,3.0,3.0,2.0,5.0,5.0,5.0,5.0,76.0,8.0,7,3.0,1.0
50.0,5.0,5.0,3.0,1.0,2.0,4.0,1.0,2.0,68.0,5.0,7,8.0,1.0
40.0,3.0,2.0,2.0,2.0,1.0,5.0,3.0,4.0,84.0,4.0,7,7.0,1.0
39.0,5.0,5.0,1.0,1.0,4.0,3.0,5.0,3.0,56.0,8.0,7,8.0,3.0
37.0,3.0,3.0,1.0,2.0,5.0,5.0,5.0,4.0,72.0,4.0,7,9.0,4.0
35.0,3.0,3.0,1.0,2.0,4.0,4.0,5.0,5.0,80.0,4.0,7,7.0,4.0
40.0,3.0,2.0,4.0,2.0,5.0,5.0,5.0,5.0,88.0,4.0,7,3.0,4.0
45.0,3.0,4.0,2.0,2.0,5.0,4.0,4.0,4.0,64.0,5.0,7,8.0,6.0
37.0,3.0,1.0,1.0,2.0,5.0,5.0,4.0,5.0,76.0,3.0,7,4.0,2.0
38.0,5.0,3.0,3.0,2.0,3.0,3.0,1.0,4.0,48.0,5.0,7,6.0,1.0
38.0,2.0,2.0,1.0,2.0,3.0,4.0,5.0,4.0,92.0,6.0,7,4.0,1.0
45.0,4.0,5.0,2.0,2.0,5.0,5.0,4.0,5.0,60.0,3.0,7,4.0,5.0
40.0,2.0,2.0,1.0,2.0,5.0,5.0,5.0,4.0,68.0,2.0,7,5.0,5.0
40.0,5.0,4.0,4.0,2.0,3.0,4.0,1.0,4.0,48.0,5.0,7,9.0,3.0
35.0,2.0,3.0,3.0,2.0,4.0,4.0,3.0,4.0,76.0,5.0,7,5.0,1.0
40.0,3.0,3.0,1.0,2.0,5.0,5.0,5.0,5.0,100.0,4.0,3,2.0,1.0
40.0,1.0,3.0,1.0,2.0,5.0,5.0,4.0,4.0,40.0,5.0,3,3.0,1.0
40.0,2.0,2.0,1.0,2.0,5.0,5.0,5.0,5.0,80.0,3.0,3,4.0,1.0
40.0,2.0,3.0,1.0,2.0,5.0,5.0,5.0,4.0,88.0,2.0,3,1.0,1.0
40.0,3.0,3.0,2.0,2.0,5.0,5.0,3.0,5.0,76.0,6.0,3,6.0,4.0
40.0,5.0,5.0,1.0,2.0,5.0,5.0,5.0,4.0,60.0,3.0,3,6.0,3.0
16.0,4.0,4.0,4.0,2.0,4.0,5.0,5.0,4.0,68.0,3.0,3,4.0,5.0
40.0,3.0,5.0,3.0,1.0,2.0,5.0,1.0,5.0,64.0,2.0,3,3.0,1.0
40.0,3.0,4.0,1.0,2.0,5.0,5.0,5.0,5.0,100.0,3.0,3,3.0,1.0
40.0,3.0,4.0,2.0,2.0,5.0,5.0,4.0,5.0,76.0,6.0,3,8.0,1.0
40.0,1.0,1.0,1.0,2.0,5.0,5.0,5.0,4.0,80.0,1.0,3,4.0,1.0
60.0,5.0,5.0,1.0,2.0,5.0,5.0,1.0,2.0,96.0,3.0,3,5.0,1.0
40.0,4.0,4.0,1.0,2.0,5.0,5.0,4.0,5.0,60.0,2.0,3,6.0,4.0
50.0,3.0,4.0,2.0,2.0,5.0,2.0,4.0,3.0,60.0,4.0,3,2.0,1.0
40.0,4.0,4.0,3.0,2.0,3.0,4.0,4.0,4.0,48.0,4.0,3,5.0,1.0
38.0,2.0,2.0,2.0,2.0,5.0,5.0,5.0,5.0,92.0,4.0,3,5.0,1.0
40.0,1.0,5.0,3.0,2.0,3.0,5.0,2.0,4.0,84.0,4.0,3,3.0,5.0
40.0,1.0,1.0,1.0,2.0,5.0,5.0,5.0,4.0,100.0,2.0,3,2.0,1.0
40.0,3.0,4.0,3.0,1.0,4.0,4.0,4.0,5.0,64.0,4.0,3,6.0,3.0
9.0,4.0,5.0,3.0,1.0,2.0,3.0,1.0,2.0,28.0,4.0,3,4.0,1.0
40.0,3.0,4.0,1.0,2.0,4.0,4.0,4.0,4.0,92.0,4.0,3,7.0,5.0
40.0,4.0,5.0,1.0,2.0,5.0,5.0,1.0,3.0,44.0,4.0,3,2.0,1.0
40.0,5.0,5.0,2.0,1.0,5.0,5.0,4.0,5.0,68.0,3.0,3,5.0,5.0
42.0,4.0,3.0,3.0,2.0,4.0,5.0,5.0,3.0,20.0,4.0,3,5.0,1.0
35.0,3.0,4.0,1.0,2.0,4.0,5.0,4.0,5.0,60.0,8.0,3,5.0,4.0
40.0,4.0,3.0,3.0,1.0,3.0,4.0,4.0,5.0,48.0,4.0,3,7.0,5.0
40.0,2.0,4.0,2.0,2.0,4.0,4.0,5.0,4.0,76.0,4.0,3,3.0,1.0
40.0,5.0,3.0,1.0,2.0,5.0,5.0,5.0,5.0,72.0,2.0,3,7.0,1.0
45.0,5.0,5.0,3.0,2.0,4.0,5.0,4.0,4.0,60.0,3.0,3,4.0,1.0
45.0,5.0,5.0,3.0,2.0,2.0,3.0,4.0,2.0,76.0,4.0,3,7.0,4.0
40.0,4.0,5.0,2.0,2.0,1.0,5.0,1.0,4.0,48.0,4.0,3,5.0,1.0
40.0,4.0,5.0,1.0,2.0,5.0,5.0,5.0,5.0,84.0,2.0,3,5.0,4.0
40.0,1.0,2.0,1.0,2.0,5.0,5.0,1.0,5.0,56.0,4.0,3,7.0,4.0
40.0,5.0,5.0,2.0,2.0,5.0,5.0,5.0,5.0,84.0,5.0,3,7.0,5.0
45.0,4.0,3.0,1.0,1.0,4.0,3.0,2.0,3.0,60.0,4.0,3,7.0,6.0
60.0,5.0,5.0,2.0,1.0,5.0,5.0,5.0,3.0,76.0,4.0,3,8.0,4.0
40.0,3.0,3.0,2.0,1.0,4.0,5.0,3.0,2.0,72.0,4.0,3,6.0,1.0
38.0,1.0,3.0,1.0,2.0,4.0,5.0,3.0,4.0,96.0,6.0,3,6.0,6.0
50.0,4.0,5.0,1.0,1.0,5.0,4.0,1.0,3.0,80.0,4.0,3,8.0,2.0
40.0,3.0,3.0,1.0,2.0,3.0,4.0,2.0,5.0,48.0,1.0,3,7.0,3.0
50.0,3.0,5.0,2.0,2.0,5.0,5.0,5.0,5.0,68.0,8.0,3,7.0,4.0
40.0,3.0,4.0,1.0,2.0,5.0,5.0,5.0,5.0,76.0,4.0,3,8.0,6.0
38.0,3.0,3.0,3.0,1.0,3.0,4.0,4.0,4.0,56.0,5.0,3,6.0,6.0
40.0,3.0,3.0,1.0,2.0,3.0,5.0,5.0,4.0,76.0,2.0,3,5.0,1.0
40.0,3.0,3.0,1.0,2.0,3.0,3.0,1.0,4.0,40.0,4.0,3,1.0,1.0
40.0,1.0,4.0,1.0,2.0,5.0,5.0,5.0,5.0,64.0,3.0,3,3.0,1.0
45.0,5.0,3.0,4.0,2.0,1.0,2.0,1.0,3.0,72.0,2.0,3,6.0,2.0
45.0,4.0,4.0,3.0,2.0,3.0,4.0,2.0,5.0,72.0,4.0,3,6.0,1.0
30.0,3.0,3.0,1.0,2.0,5.0,5.0,4.0,5.0,64.0,4.0,3,7.0,3.0
40.0,3.0,3.0,3.0,2.0,5.0,5.0,5.0,5.0,80.0,3.0,3,1.0,1.0
40.0,4.0,5.0,5.0,1.0,1.0,2.0,2.0,3.0,64.0,7.0,3,7.0,5.0
55.0,3.0,4.0,4.0,1.0,3.0,2.0,1.0,5.0,52.0,5.0,3,4.0,1.0
40.0,4.0,4.0,2.0,2.0,4.0,4.0,3.0,2.0,52.0,5.0,3,5.0,1.0
40.0,5.0,5.0,2.0,1.0,4.0,4.0,4.0,3.0,64.0,4.0,3,3.0,1.0
50.0,4.0,4.0,2.0,2.0,5.0,4.0,3.0,3.0,44.0,3.0,3,8.0,1.0
40.0,1.0,1.0,2.0,2.0,4.0,5.0,3.0,2.0,52.0,1.0,3,7.0,2.0
40.0,2.0,3.0,2.0,2.0,5.0,4.0,5.0,4.0,80.0,3.0,3,3.0,1.0
40.0,1.0,2.0,1.0,2.0,5.0,5.0,5.0,4.0,84.0,1.0,3,4.0,1.0
40.0,3.0,4.0,4.0,1.0,5.0,2.0,5.0,5.0,76.0,3.0,3,5.0,1.0
72.0,5.0,5.0,5.0,1.0,1.0,1.0,1.0,2.0,40.0,5.0,3,2.0,1.0
40.0,2.0,3.0,1.0,2.0,3.0,5.0,4.0,5.0,96.0,5.0,3,5.0,1.0
50.0,2.0,4.0,2.0,2.0,5.0,5.0,5.0,4.0,92.0,3.0,3,5.0,1.0
40.0,4.0,3.0,1.0,2.0,3.0,5.0,3.0,4.0,68.0,4.0,3,5.0,1.0
40.0,5.0,5.0,1.0,2.0,5.0,5.0,5.0,5.0,84.0,3.0,3,4.0,2.0
40.0,4.0,5.0,1.0,2.0,2.0,5.0,1.0,5.0,64.0,4.0,3,5.0,2.0
40.0,4.0,3.0,3.0,2.0,4.0,5.0,4.0,5.0,44.0,3.0,3,4.0,1.0
40.0,3.0,4.0,1.0,2.0,4.0,5.0,4.0,5.0,60.0,3.0,3,8.0,4.0
40.0,1.0,3.0,1.0,2.0,5.0,5.0,5.0,5.0,96.0,2.0,3,4.0,5.0
40.0,4.0,5.0,4.0,1.0,4.0,4.0,2.0,4.0,20.0,4.0,3,5.0,1.0
40.0,5.0,5.0,1.0,2.0,5.0,5.0,1.0,4.0,96.0,4.0,3,3.0,1.0
40.0,5.0,4.0,2.0,1.0,2.0,2.0,1.0,4.0,40.0,5.0,3,5.0,1.0
60.0,3.0,4.0,3.0,2.0,3.0,4.0,3.0,5.0,60.0,5.0,3,1.0,1.0
40.0,2.0,2.0,1.0,2.0,2.0,5.0,2.0,4.0,48.0,8.0,3,4.0,2.0
40.0,5.0,5.0,3.0,2.0,3.0,3.0,1.0,3.0,48.0,8.0,3,5.0,1.0
42.0,5.0,5.0,4.0,2.0,4.0,4.0,2.0,5.0,60.0,8.0,3,7.0,3.0
44.0,4.0,4.0,2.0,2.0,3.0,4.0,4.0,3.0,48.0,4.0,3,5.0,1.0
44.0,2.0,3.0,2.0,2.0,5.0,5.0,5.0,4.0,76.0,4.0,3,7.0,2.0
40.0,5.0,5.0,5.0,2.0,3.0,5.0,3.0,4.0,84.0,4.0,2,7.0,2.0
30.0,3.0,2.0,1.0,2.0,4.0,4.0,4.0,4.0,80.0,3.0,2,5.0,1.0
50.0,3.0,3.0,3.0,2.0,5.0,5.0,5.0,4.0,96.0,3.0,2,5.0,1.0
40.0,3.0,4.0,5.0,2.0,5.0,5.0,4.0,4.0,80.0,4.0,2,5.0,2.0
45.0,3.0,4.0,3.0,1.0,5.0,4.0,1.0,2.0,20.0,4.0,2,4.0,5.0
40.0,5.0,4.0,3.0,2.0,4.0,3.0,4.0,3.0,80.0,4.0,2,8.0,2.0
35.0,5.0,5.0,2.0,1.0,5.0,5.0,5.0,5.0,88.0,5.0,2,5.0,2.0
40.0,4.0,4.0,1.0,2.0,3.0,4.0,1.0,3.0,76.0,4.0,2,4.0,2.0
40.0,5.0,5.0,2.0,1.0,5.0,4.0,3.0,4.0,52.0,5.0,2,8.0,4.0
38.0,2.0,1.0,4.0,2.0,5.0,5.0,2.0,4.0,96.0,4.0,2,5.0,4.0
40.0,4.0,3.0,4.0,2.0,5.0,5.0,4.0,4.0,76.0,4.0,2,8.0,2.0
40.0,3.0,4.0,2.0,2.0,4.0,4.0,4.0,5.0,68.0,4.0,2,3.0,1.0
37.0,5.0,5.0,1.0,2.0,1.0,3.0,1.0,5.0,68.0,6.0,2,7.0,2.0
20.0,1.0,1.0,1.0,2.0,4.0,5.0,4.0,5.0,72.0,3.0,2,3.0,1.0
39.0,4.0,5.0,1.0,2.0,4.0,4.0,2.0,5.0,68.0,5.0,2,4.0,1.0
40.0,1.0,2.0,2.0,2.0,5.0,5.0,5.0,4.0,72.0,5.0,2,5.0,4.0
40.0,5.0,4.0,3.0,2.0,5.0,5.0,5.0,5.0,100.0,4.0,2,7.0,2.0
40.0,4.0,4.0,2.0,2.0,5.0,5.0,2.0,3.0,80.0,4.0,2,6.0,6.0
40.0,4.0,4.0,1.0,1.0,5.0,4.0,5.0,4.0,68.0,5.0,2,7.0,4.0
40.0,5.0,5.0,1.0,1.0,5.0,5.0,5.0,5.0,68.0,2.0,2,4.0,2.0
40.0,3.0,3.0,2.0,2.0,3.0,3.0,2.0,4.0,20.0,8.0,2,5.0,2.0
45.0,4.0,4.0,2.0,2.0,5.0,5.0,3.0,4.0,72.0,5.0,2,4.0,1.0
40.0,4.0,1.0,3.0,2.0,5.0,5.0,5.0,4.0,96.0,3.0,2,3.0,1.0
40.0,4.0,5.0,1.0,2.0,5.0,5.0,5.0,4.0,80.0,3.0,2,5.0,1.0
40.0,4.0,3.0,1.0,2.0,4.0,5.0,5.0,5.0,88.0,4.0,2,5.0,2.0
40.0,5.0,5.0,1.0,2.0,5.0,5.0,3.0,5.0,100.0,6.0,2,5.0,2.0
40.0,1.0,5.0,1.0,2.0,5.0,5.0,5.0,5.0,44.0,7.0,2,4.0,1.0
40.0,3.0,3.0,2.0,2.0,5.0,4.0,4.0,4.0,76.0,3.0,2,5.0,1.0
40.0,1.0,3.0,1.0,2.0,5.0,5.0,5.0,4.0,76.0,3.0,2,7.0,6.0
44.0,4.0,4.0,1.0,2.0,5.0,5.0,5.0,4.0,84.0,2.0,2,5.0,1.0
40.0,3.0,3.0,2.0,2.0,5.0,5.0,5.0,4.0,76.0,1.0,2,6.0,6.0
39.0,3.0,3.0,2.0,2.0,5.0,5.0,5.0,4.0,80.0,6.0,2,7.0,6.0
46.0,5.0,5.0,1.0,1.0,5.0,4.0,4.0,3.0,68.0,6.0,2,5.0,4.0
40.0,3.0,3.0,1.0,2.0,5.0,5.0,5.0,4.0,84.0,2.0,2,4.0,2.0
40.0,3.0,3.0,1.0,2.0,5.0,5.0,5.0,4.0,100.0,3.0,2,5.0,1.0
45.0,4.0,3.0,3.0,2.0,4.0,4.0,1.0,3.0,44.0,6.0,2,8.0,4.0
40.0,5.0,5.0,2.0,2.0,4.0,5.0,1.0,4.0,28.0,4.0,2,7.0,4.0
40.0,4.0,5.0,2.0,2.0,4.0,4.0,1.0,2.0,36.0,5.0,2,8.0,6.0
44.0,3.0,5.0,2.0,1.0,2.0,4.0,4.0,4.0,88.0,6.0,2,7.0,4.0
40.0,3.0,5.0,1.0,2.0,5.0,5.0,5.0,4.0,32.0,4.0,2,5.0,1.0
40.0,4.0,2.0,3.0,1.0,2.0,2.0,2.0,4.0,56.0,4.0,2,4.0,1.0
40.0,3.0,3.0,3.0,1.0,2.0,4.0,1.0,5.0,64.0,5.0,2,7.0,4.0
40.0,5.0,5.0,5.0,1.0,1.0,1.0,1.0,4.0,76.0,5.0,2,2.0,2.0
40.0,3.0,1.0,3.0,2.0,3.0,5.0,5.0,4.0,60.0,4.0,2,2.0,1.0
40.0,4.0,2.0,2.0,2.0,5.0,5.0,5.0,5.0,44.0,3.0,2,6.0,4.0
40.0,2.0,3.0,1.0,2.0,3.0,3.0,4.0,5.0,64.0,8.0,2,4.0,5.0
45.0,4.0,4.0,2.0,1.0,4.0,4.0,4.0,5.0,72.0,4.0,2,8.0,4.0
50.0,5.0,5.0,2.0,2.0,2.0,3.0,1.0,5.0,40.0,4.0,2,4.0,2.0
40.0,3.0,3.0,2.0,2.0,4.0,4.0,5.0,4.0,64.0,5.0,2,7.0,6.0
30.0,4.0,2.0,1.0,2.0,3.0,5.0,3.0,5.0,72.0,4.0,2,5.0,3.0
45.0,5.0,5.0,4.0,2.0,5.0,5.0,5.0,5.0,52.0,6.0,2,8.0,3.0
35.0,4.0,2.0,1.0,2.0,5.0,5.0,5.0,5.0,80.0,4.0,2,5.0,1.0
40.0,5.0,1.0,1.0,2.0,5.0,5.0,5.0,5.0,84.0,8.0,2,5.0,2.0
40.0,5.0,5.0,2.0,2.0,5.0,5.0,4.0,3.0,68.0,7.0,2,4.0,2.0
38.0,2.0,2.0,2.0,2.0,4.0,4.0,4.0,5.0,56.0,7.0,2,7.0,6.0
50.0,5.0,5.0,1.0,2.0,4.0,5.0,4.0,5.0,96.0,4.0,2,3.0,2.0
40.0,3.0,2.0,2.0,1.0,3.0,4.0,3.0,3.0,80.0,6.0,2,5.0,3.0
40.0,3.0,5.0,1.0,2.0,3.0,3.0,4.0,5.0,56.0,6.0,2,5.0,2.0
40.0,2.0,2.0,2.0,2.0,5.0,5.0,4.0,5.0,100.0,6.0,2,5.0,3.0
40.0,1.0,3.0,1.0,2.0,5.0,5.0,5.0,4.0,44.0,4.0,2,8.0,3.0
15.0,3.0,1.0,1.0,2.0,5.0,4.0,5.0,5.0,76.0,2.0,2,7.0,1.0
40.0,2.0,3.0,1.0,2.0,5.0,5.0,5.0,5.0,64.0,3.0,2,5.0,4.0
50.0,1.0,1.0,2.0,2.0,5.0,5.0,5.0,5.0,84.0,1.0,2,5.0,1.0
40.0,4.0,4.0,3.0,2.0,4.0,5.0,4.0,4.0,60.0,4.0,2,4.0,1.0
20.0,3.0,2.0,4.0,2.0,5.0,5.0,3.0,5.0,48.0,8.0,2,5.0,1.0
40.0,3.0,3.0,3.0,2.0,5.0,5.0,4.0,4.0,84.0,2.0,2,5.0,2.0
40.0,2.0,3.0,1.0,2.0,5.0,5.0,3.0,4.0,68.0,6.0,2,5.0,5.0
40.0,1.0,1.0,1.0,2.0,5.0,5.0,5.0,5.0,72.0,3.0,2,4.0,1.0
48.0,3.0,3.0,1.0,2.0,3.0,5.0,1.0,5.0,44.0,5.0,2,7.0,4.0
40.0,4.0,3.0,4.0,1.0,4.0,4.0,4.0,5.0,64.0,5.0,2,5.0,4.0
20.0,2.0,2.0,1.0,2.0,3.0,5.0,2.0,4.0,44.0,4.0,2,4.0,2.0
40.0,3.0,3.0,1.0,2.0,5.0,5.0,5.0,5.0,68.0,4.0,2,8.0,6.0
40.0,2.0,3.0,1.0,2.0,4.0,5.0,4.0,5.0,92.0,5.0,2,6.0,1.0
38.0,4.0,4.0,5.0,2.0,5.0,5.0,4.0,5.0,76.0,2.0,2,7.0,2.0
48.0,3.0,1.0,3.0,2.0,5.0,5.0,1.0,5.0,100.0,3.0,2,5.0,1.0
40.0,3.0,2.0,1.0,2.0,5.0,5.0,5.0,5.0,84.0,8.0,2,9.0,3.0
40.0,4.0,5.0,2.0,1.0,4.0,4.0,4.0,3.0,36.0,2.0,2,7.0,4.0
40.0,2.0,4.0,3.0,2.0,4.0,4.0,4.0,4.0,36.0,4.0,2,5.0,2.0
50.0,5.0,5.0,2.0,1.0,5.0,5.0,5.0,5.0,84.0,6.0,2,6.0,3.0
44.0,3.0,5.0,1.0,2.0,4.0,5.0,1.0,2.0,84.0,6.0,2,8.0,4.0
22.0,1.0,1.0,5.0,2.0,1.0,1.0,2.0,5.0,32.0,4.0,2,4.0,3.0
24.0,4.0,5.0,4.0,1.0,1.0,5.0,3.0,5.0,72.0,6.0,2,5.0,2.0
40.0,1.0,1.0,1.0,2.0,5.0,5.0,5.0,5.0,96.0,4.0,2,5.0,6.0
46.0,5.0,5.0,3.0,1.0,4.0,4.0,4.0,4.0,68.0,6.0,2,5.0,4.0
48.0,4.0,4.0,2.0,1.0,4.0,4.0,4.0,4.0,64.0,4.0,2,5.0,4.0
40.0,3.0,2.0,1.0,2.0,5.0,4.0,5.0,4.0,64.0,3.0,2,4.0,2.0
40.0,3.0,3.0,3.0,2.0,3.0,3.0,3.0,5.0,32.0,3.0,2,5.0,2.0
40.0,3.0,1.0,3.0,2.0,5.0,3.0,3.0,5.0,76.0,5.0,2,6.0,5.0
35.0,4.0,3.0,3.0,2.0,4.0,5.0,4.0,5.0,84.0,6.0,2,6.0,2.0
40.0,4.0,4.0,2.0,2.0,2.0,5.0,2.0,3.0,20.0,1.0,2,7.0,3.0
27.0,5.0,5.0,1.0,2.0,5.0,4.0,5.0,4.0,84.0,4.0,2,3.0,1.0
48.0,4.0,4.0,2.0,2.0,5.0,5.0,5.0,4.0,68.0,8.0,2,6.0,6.0
35.0,1.0,1.0,5.0,2.0,5.0,5.0,4.0,4.0,80.0,6.0,2,5.0,2.0
24.0,4.0,4.0,1.0,2.0,5.0,5.0,4.0,4.0,56.0,4.0,2,4.0,2.0
40.0,3.0,2.0,2.0,2.0,5.0,5.0,5.0,4.0,88.0,4.0,2,3.0,1.0
40.0,4.0,1.0,1.0,1.0,4.0,2.0,5.0,4.0,72.0,4.0,2,3.0,2.0
30.0,4.0,5.0,2.0,2.0,4.0,4.0,3.0,3.0,48.0,3.0,2,8.0,2.0
40.0,3.0,1.0,2.0,2.0,5.0,5.0,5.0,3.0,80.0,4.0,2,4.0,2.0
40.0,3.0,2.0,1.0,2.0,5.0,5.0,5.0,3.0,80.0,2.0,2,6.0,6.0
30.0,2.0,2.0,1.0,2.0,4.0,5.0,5.0,5.0,80.0,4.0,2,5.0,1.0
42.0,5.0,3.0,2.0,1.0,5.0,5.0,4.0,4.0,72.0,4.0,2,4.0,1.0
40.0,4.0,5.0,1.0,2.0,4.0,5.0,1.0,5.0,68.0,3.0,2,8.0,2.0
36.0,4.0,5.0,4.0,2.0,5.0,5.0,5.0,5.0,88.0,8.0,2,6.0,2.0
45.0,5.0,5.0,5.0,2.0,5.0,5.0,4.0,5.0,88.0,4.0,2,5.0,3.0
40.0,4.0,3.0,2.0,2.0,2.0,2.0,1.0,4.0,32.0,3.0,2,8.0,4.0
40.0,3.0,3.0,1.0,2.0,5.0,5.0,5.0,5.0,72.0,5.0,2,5.0,2.0
40.0,2.0,2.0,2.0,2.0,5.0,5.0,5.0,4.0,76.0,8.0,2,7.0,3.0
40.0,2.0,2.0,3.0,2.0,4.0,4.0,3.0,4.0,36.0,2.0,2,6.0,2.0
30.0,3.0,5.0,1.0,1.0,4.0,4.0,5.0,2.0,76.0,4.0,2,4.0,1.0
22.0,3.0,3.0,2.0,2.0,5.0,4.0,5.0,5.0,44.0,3.0,2,6.0,4.0
42.0,5.0,5.0,4.0,1.0,4.0,4.0,4.0,5.0,72.0,4.0,2,7.0,6.0
19.0,4.0,1.0,2.0,2.0,5.0,5.0,5.0,5.0,92.0,2.0,2,3.0,1.0
40.0,4.0,2.0,2.0,1.0,3.0,4.0,5.0,2.0,84.0,4.0,2,3.0,1.0
40.0,3.0,3.0,3.0,2.0,5.0,5.0,2.0,4.0,68.0,4.0,2,7.0,5.0
30.0,4.0,5.0,2.0,1.0,1.0,1.0,1.0,5.0,52.0,4.0,2,8.0,3.0
40.0,5.0,5.0,2.0,2.0,3.0,5.0,5.0,2.0,36.0,6.0,2,5.0,1.0
60.0,5.0,2.0,4.0,2.0,5.0,5.0,5.0,3.0,68.0,2.0,2,5.0,2.0
20.0,1.0,1.0,2.0,2.0,5.0,5.0,4.0,2.0,48.0,4.0,2,7.0,1.0
22.0,3.0,3.0,2.0,2.0,5.0,5.0,2.0,4.0,76.0,3.0,2,7.0,2.0
39.0,3.0,3.0,2.0,2.0,5.0,5.0,5.0,5.0,72.0,3.0,2,4.0,1.0
40.0,3.0,1.0,3.0,2.0,4.0,5.0,3.0,5.0,84.0,3.0,2,5.0,2.0
40.0,5.0,5.0,1.0,2.0,5.0,4.0,5.0,4.0,60.0,4.0,2,3.0,1.0
42.0,5.0,5.0,4.0,2.0,1.0,2.0,1.0,3.0,36.0,4.0,2,5.0,1.0
40.0,4.0,5.0,3.0,2.0,3.0,4.0,4.0,4.0,36.0,4.0,2,5.0,2.0
30.0,4.0,4.0,3.0,2.0,4.0,4.0,5.0,4.0,60.0,4.0,2,5.0,1.0
20.0,1.0,1.0,2.0,2.0,5.0,5.0,5.0,5.0,72.0,2.0,2,7.0,1.0
40.0,3.0,1.0,4.0,2.0,5.0,5.0,5.0,5.0,76.0,2.0,2,3.0,2.0
40.0,4.0,1.0,1.0,2.0,1.0,3.0,3.0,4.0,76.0,3.0,2,2.0,1.0
40.0,1.0,1.0,1.0,2.0,5.0,5.0,5.0,5.0,100.0,2.0,2,4.0,1.0
40.0,3.0,3.0,3.0,2.0,3.0,5.0,1.0,3.0,64.0,4.0,2,3.0,2.0
40.0,2.0,2.0,1.0,2.0,5.0,4.0,5.0,5.0,80.0,3.0,2,5.0,4.0
40.0,3.0,1.0,2.0,2.0,4.0,5.0,5.0,5.0,76.0,4.0,2,4.0,1.0
33.0,4.0,3.0,3.0,2.0,3.0,5.0,2.0,4.0,64.0,3.0,2,5.0,1.0
40.0,3.0,2.0,3.0,2.0,3.0,4.0,4.0,5.0,64.0,4.0,2,6.0,1.0
20.0,5.0,2.0,2.0,2.0,4.0,4.0,5.0,5.0,20.0,2.0,2,6.0,4.0
40.0,3.0,2.0,3.0,2.0,3.0,5.0,4.0,4.0,80.0,4.0,2,3.0,1.0
40.0,5.0,5.0,1.0,1.0,4.0,5.0,2.0,4.0,88.0,3.0,2,7.0,4.0
42.0,4.0,2.0,1.0,2.0,3.0,4.0,5.0,4.0,88.0,4.0,2,4.0,2.0
48.0,3.0,3.0,3.0,2.0,4.0,4.0,4.0,3.0,80.0,2.0,2,4.0,2.0
40.0,2.0,2.0,2.0,2.0,5.0,5.0,5.0,5.0,80.0,4.0,2,5.0,2.0
40.0,3.0,3.0,4.0,2.0,4.0,4.0,5.0,5.0,76.0,6.0,2,6.0,5.0
20.0,3.0,2.0,1.0,2.0,5.0,4.0,5.0,5.0,64.0,4.0,2,5.0,2.0
27.0,5.0,5.0,3.0,1.0,2.0,4.0,1.0,4.0,64.0,4.0,2,5.0,5.0
16.0,5.0,2.0,1.0,2.0,5.0,5.0,4.0,5.0,100.0,4.0,2,7.0,2.0
30.0,4.0,2.0,2.0,2.0,4.0,4.0,4.0,4.0,64.0,5.0,2,7.0,1.0
38.0,5.0,3.0,3.0,2.0,3.0,5.0,4.0,4.0,64.0,3.0,2,4.0,1.0
40.0,3.0,1.0,3.0,2.0,4.0,4.0,1.0,5.0,44.0,4.0,2,5.0,1.0
40.0,4.0,4.0,3.0,2.0,5.0,5.0,4.0,4.0,48.0,7.0,2,8.0,6.0
40.0,4.0,5.0,2.0,2.0,4.0,4.0,4.0,4.0,32.0,4.0,2,4.0,2.0
40.0,5.0,4.0,4.0,1.0,5.0,3.0,4.0,4.0,52.0,4.0,2,4.0,2.0
36.0,3.0,1.0,1.0,2.0,5.0,5.0,4.0,5.0,40.0,3.0,2,4.0,1.0
36.0,3.0,1.0,4.0,2.0,5.0,5.0,4.0,4.0,52.0,3.0,2,4.0,2.0
40.0,5.0,5.0,5.0,2.0,4.0,3.0,2.0,3.0,76.0,5.0,2,5.0,1.0
39.0,2.0,1.0,1.0,2.0,3.0,4.0,2.0,4.0,68.0,2.0,2,5.0,2.0
43.0,5.0,5.0,1.0,2.0,4.0,2.0,1.0,2.0,68.0,7.0,2,5.0,2.0
45.0,1.0,1.0,2.0,2.0,4.0,5.0,4.0,4.0,40.0,4.0,2,5.0,2.0
40.0,4.0,4.0,3.0,2.0,2.0,3.0,2.0,3.0,56.0,5.0,2,5.0,1.0
30.0,4.0,4.0,1.0,2.0,5.0,5.0,5.0,5.0,20.0,2.0,2,7.0,1.0
40.0,1.0,1.0,1.0,2.0,5.0,5.0,3.0,5.0,100.0,8.0,2,2.0,2.0
40.0,4.0,2.0,1.0,2.0,5.0,5.0,4.0,4.0,80.0,3.0,2,3.0,2.0
40.0,3.0,1.0,2.0,1.0,2.0,5.0,4.0,3.0,20.0,4.0,2,5.0,2.0
25.0,3.0,1.0,1.0,2.0,5.0,5.0,5.0,5.0,84.0,3.0,2,8.0,2.0
40.0,5.0,1.0,2.0,2.0,5.0,5.0,5.0,5.0,84.0,4.0,2,5.0,2.0
55.0,4.0,4.0,1.0,2.0,4.0,5.0,5.0,3.0,28.0,5.0,2,4.0,4.0
40.0,3.0,1.0,1.0,2.0,5.0,5.0,5.0,4.0,88.0,3.0,2,4.0,2.0
40.0,4.0,4.0,2.0,2.0,5.0,4.0,4.0,4.0,60.0,4.0,2,8.0,1.0
40.0,2.0,3.0,3.0,2.0,5.0,5.0,5.0,5.0,80.0,3.0,2,5.0,2.0
30.0,4.0,3.0,2.0,2.0,5.0,5.0,4.0,4.0,60.0,3.0,2,5.0,2.0
30.0,5.0,4.0,4.0,1.0,4.0,3.0,3.0,3.0,68.0,3.0,2,6.0,1.0
40.0,2.0,4.0,2.0,2.0,5.0,5.0,5.0,4.0,64.0,8.0,2,7.0,3.0
40.0,5.0,1.0,5.0,2.0,5.0,5.0,3.0,2.0,52.0,4.0,2,5.0,2.0
40.0,4.0,3.0,2.0,2.0,5.0,5.0,5.0,4.0,68.0,4.0,2,3.0,1.0
40.0,3.0,3.0,2.0,2.0,5.0,5.0,2.0,3.0,68.0,2.0,2,4.0,1.0
45.0,3.0,3.0,3.0,2.0,5.0,4.0,5.0,4.0,72.0,8.0,2,5.0,2.0
40.0,5.0,5.0,4.0,2.0,5.0,2.0,2.0,5.0,76.0,4.0,2,5.0,2.0
40.0,5.0,4.0,3.0,2.0,5.0,5.0,4.0,4.0,56.0,2.0,2,9.0,3.0
40.0,3.0,2.0,1.0,2.0,5.0,5.0,5.0,5.0,64.0,3.0,2,7.0,4.0
42.0,4.0,1.0,3.0,1.0,4.0,5.0,4.0,2.0,68.0,2.0,2,3.0,1.0
40.0,5.0,2.0,5.0,2.0,2.0,5.0,2.0,3.0,40.0,3.0,2,7.0,2.0
40.0,5.0,5.0,2.0,2.0,5.0,5.0,5.0,4.0,56.0,6.0,2,5.0,2.0
40.0,4.0,3.0,1.0,2.0,5.0,5.0,4.0,5.0,80.0,4.0,2,2.0,2.0
40.0,4.0,1.0,3.0,2.0,3.0,5.0,4.0,4.0,60.0,5.0,2,4.0,1.0
40.0,5.0,5.0,3.0,2.0,5.0,5.0,5.0,5.0,100.0,7.0,2,7.0,4.0
40.0,1.0,2.0,4.0,2.0,4.0,4.0,1.0,2.0,80.0,4.0,10,2.0,5.0
37.0,5.0,5.0,3.0,2.0,3.0,3.0,1.0,3.0,68.0,4.0,10,6.0,6.0
45.0,5.0,2.0,1.0,2.0,4.0,4.0,3.0,5.0,52.0,6.0,10,7.0,4.0
40.0,1.0,5.0,3.0,1.0,5.0,3.0,5.0,4.0,96.0,5.0,10,5.0,1.0
35.0,1.0,1.0,3.0,2.0,5.0,5.0,5.0,5.0,80.0,8.0,10,5.0,1.0
25.0,3.0,5.0,1.0,2.0,1.0,3.0,3.0,4.0,76.0,4.0,10,4.0,1.0
40.0,3.0,5.0,2.0,2.0,5.0,5.0,5.0,4.0,84.0,3.0,10,2.0,1.0
40.0,1.0,4.0,4.0,2.0,5.0,5.0,5.0,4.0,64.0,3.0,10,4.0,1.0
6.0,3.0,3.0,1.0,1.0,5.0,3.0,5.0,5.0,80.0,8.0,10,5.0,1.0
40.0,1.0,2.0,1.0,2.0,5.0,5.0,4.0,2.0,96.0,5.0,10,3.0,5.0
40.0,4.0,5.0,1.0,2.0,5.0,5.0,5.0,4.0,76.0,6.0,10,7.0,6.0
40.0,1.0,5.0,1.0,1.0,4.0,5.0,3.0,4.0,80.0,4.0,10,3.0,1.0
40.0,4.0,4.0,1.0,2.0,5.0,4.0,4.0,4.0,64.0,6.0,10,6.0,4.0
60.0,5.0,5.0,4.0,1.0,3.0,4.0,3.0,3.0,64.0,5.0,10,5.0,4.0
40.0,2.0,4.0,2.0,2.0,5.0,5.0,5.0,4.0,72.0,3.0,10,4.0,1.0
38.0,3.0,2.0,3.0,2.0,4.0,4.0,2.0,4.0,44.0,4.0,10,8.0,4.0
72.0,1.0,5.0,5.0,1.0,4.0,4.0,5.0,2.0,92.0,4.0,10,5.0,1.0
40.0,4.0,5.0,3.0,2.0,4.0,4.0,3.0,3.0,56.0,4.0,10,4.0,2.0
40.0,5.0,5.0,4.0,1.0,5.0,5.0,5.0,4.0,36.0,3.0,10,3.0,2.0
40.0,3.0,3.0,2.0,1.0,4.0,3.0,3.0,2.0,100.0,4.0,10,4.0,1.0
45.0,4.0,4.0,2.0,2.0,5.0,4.0,5.0,4.0,76.0,4.0,10,1.0,1.0
10.0,1.0,1.0,5.0,2.0,4.0,5.0,4.0,5.0,84.0,2.0,10,6.0,1.0
60.0,1.0,1.0,2.0,1.0,1.0,5.0,5.0,2.0,64.0,4.0,10,4.0,1.0
40.0,3.0,3.0,1.0,2.0,5.0,5.0,4.0,4.0,84.0,4.0,10,4.0,1.0
45.0,2.0,4.0,3.0,1.0,3.0,3.0,3.0,3.0,52.0,4.0,10,3.0,5.0
40.0,3.0,3.0,3.0,2.0,5.0,5.0,5.0,4.0,72.0,7.0,10,5.0,4.0
40.0,3.0,4.0,2.0,2.0,5.0,5.0,4.0,5.0,68.0,6.0,10,8.0,2.0
72.0,3.0,5.0,5.0,2.0,3.0,5.0,4.0,3.0,64.0,4.0,10,4.0,5.0
36.0,4.0,4.0,1.0,2.0,5.0,5.0,4.0,5.0,56.0,7.0,10,5.0,6.0
40.0,5.0,4.0,3.0,1.0,5.0,4.0,4.0,2.0,52.0,2.0,10,5.0,5.0
48.0,5.0,4.0,4.0,1.0,4.0,4.0,4.0,3.0,32.0,5.0,10,5.0,5.0
55.0,5.0,5.0,5.0,1.0,1.0,3.0,5.0,3.0,44.0,3.0,10,5.0,1.0
40.0,2.0,2.0,2.0,2.0,5.0,5.0,5.0,5.0,64.0,8.0,10,6.0,1.0
40.0,1.0,4.0,3.0,2.0,4.0,5.0,3.0,4.0,68.0,4.0,10,5.0,1.0
45.0,5.0,4.0,4.0,1.0,4.0,5.0,4.0,4.0,44.0,4.0,10,4.0,1.0
40.0,3.0,3.0,4.0,2.0,1.0,5.0,2.0,3.0,32.0,6.0,10,6.0,3.0
37.0,1.0,1.0,1.0,2.0,5.0,5.0,4.0,5.0,84.0,6.0,10,4.0,1.0
40.0,2.0,5.0,2.0,2.0,5.0,5.0,5.0,5.0,72.0,8.0,10,3.0,1.0
40.0,5.0,5.0,3.0,1.0,2.0,5.0,2.0,2.0,48.0,8.0,10,5.0,2.0
48.0,5.0,3.0,2.0,2.0,5.0,5.0,5.0,5.0,68.0,4.0,10,3.0,5.0
40.0,2.0,2.0,2.0,2.0,5.0,5.0,5.0,5.0,100.0,4.0,10,3.0,1.0
72.0,2.0,2.0,1.0,2.0,2.0,3.0,3.0,3.0,44.0,3.0,10,3.0,1.0
35.0,3.0,2.0,2.0,2.0,4.0,4.0,4.0,3.0,60.0,3.0,10,5.0,2.0
35.0,3.0,4.0,2.0,2.0,2.0,4.0,5.0,4.0,76.0,7.0,10,5.0,1.0
45.0,5.0,4.0,3.0,2.0,4.0,5.0,1.0,4.0,64.0,6.0,10,4.0,1.0
40.0,3.0,3.0,1.0,1.0,5.0,5.0,4.0,5.0,84.0,4.0,10,5.0,2.0
50.0,2.0,3.0,2.0,2.0,5.0,5.0,4.0,3.0,96.0,8.0,10,2.0,1.0
40.0,2.0,4.0,3.0,2.0,4.0,5.0,5.0,4.0,68.0,6.0,10,5.0,2.0
45.0,5.0,3.0,1.0,1.0,3.0,3.0,3.0,4.0,48.0,1.0,10,4.0,5.0
45.0,5.0,5.0,3.0,2.0,4.0,4.0,4.0,3.0,24.0,7.0,10,7.0,2.0
40.0,1.0,1.0,3.0,2.0,5.0,5.0,5.0,4.0,80.0,4.0,10,4.0,1.0
36.0,3.0,5.0,4.0,1.0,3.0,2.0,2.0,4.0,56.0,3.0,10,5.0,4.0
45.0,2.0,3.0,1.0,2.0,5.0,5.0,5.0,3.0,80.0,4.0,10,3.0,5.0
40.0,5.0,4.0,1.0,2.0,5.0,5.0,4.0,4.0,64.0,8.0,10,5.0,1.0
40.0,1.0,1.0,3.0,2.0,3.0,4.0,5.0,3.0,80.0,5.0,10,5.0,1.0
44.0,2.0,4.0,3.0,2.0,4.0,4.0,4.0,5.0,88.0,8.0,10,4.0,1.0
40.0,3.0,3.0,2.0,2.0,5.0,5.0,5.0,5.0,80.0,4.0,10,5.0,1.0
40.0,1.0,1.0,1.0,2.0,5.0,5.0,5.0,4.0,88.0,4.0,10,5.0,5.0
44.0,1.0,2.0,2.0,2.0,5.0,5.0,5.0,4.0,96.0,8.0,10,3.0,5.0
50.0,3.0,4.0,1.0,1.0,4.0,5.0,5.0,4.0,72.0,4.0,10,5.0,1.0
40.0,2.0,2.0,1.0,1.0,3.0,5.0,4.0,4.0,48.0,3.0,10,4.0,2.0
40.0,5.0,2.0,1.0,2.0,5.0,5.0,2.0,3.0,88.0,5.0,10,5.0,2.0
48.0,4.0,1.0,3.0,1.0,4.0,2.0,4.0,5.0,76.0,7.0,10,3.0,2.0
60.0,3.0,3.0,3.0,2.0,5.0,2.0,5.0,5.0,68.0,4.0,10,5.0,2.0
29.0,3.0,5.0,4.0,2.0,3.0,4.0,3.0,4.0,40.0,8.0,10,5.0,1.0
40.0,1.0,1.0,1.0,2.0,5.0,5.0,5.0,5.0,100.0,3.0,10,6.0,2.0
40.0,3.0,3.0,4.0,2.0,4.0,5.0,2.0,4.0,68.0,8.0,10,4.0,2.0
50.0,5.0,5.0,1.0,2.0,4.0,4.0,3.0,3.0,64.0,4.0,10,5.0,4.0
40.0,3.0,4.0,3.0,1.0,4.0,4.0,4.0,4.0,84.0,4.0,10,6.0,5.0
50.0,4.0,4.0,2.0,2.0,3.0,5.0,4.0,3.0,40.0,3.0,10,7.0,6.0
40.0,4.0,4.0,1.0,2.0,4.0,4.0,5.0,4.0,68.0,3.0,10,8.0,6.0
48.0,4.0,4.0,3.0,2.0,2.0,5.0,4.0,5.0,72.0,2.0,10,3.0,5.0
40.0,5.0,5.0,5.0,2.0,5.0,2.0,4.0,3.0,80.0,2.0,10,4.0,4.0
40.0,5.0,5.0,3.0,2.0,2.0,3.0,1.0,2.0,60.0,7.0,10,7.0,1.0
30.0,5.0,5.0,1.0,1.0,5.0,5.0,5.0,5.0,64.0,6.0,10,4.0,1.0
24.0,5.0,4.0,2.0,2.0,5.0,5.0,5.0,4.0,80.0,5.0,10,5.0,2.0
20.0,5.0,5.0,4.0,2.0,4.0,5.0,4.0,2.0,68.0,5.0,10,6.0,2.0
50.0,3.0,5.0,3.0,2.0,3.0,3.0,1.0,4.0,36.0,4.0,10,6.0,6.0
40.0,5.0,5.0,2.0,1.0,3.0,5.0,5.0,5.0,36.0,4.0,10,5.0,3.0
27.0,5.0,5.0,4.0,2.0,4.0,4.0,4.0,4.0,64.0,8.0,10,7.0,5.0
40.0,5.0,4.0,4.0,2.0,5.0,5.0,3.0,4.0,56.0,4.0,10,6.0,4.0
40.0,5.0,4.0,1.0,2.0,5.0,5.0,5.0,3.0,84.0,7.0,10,5.0,5.0
40.0,5.0,5.0,1.0,2.0,5.0,5.0,5.0,4.0,80.0,4.0,10,7.0,2.0
40.0,3.0,3.0,1.0,2.0,5.0,5.0,4.0,5.0,32.0,4.0,10,6.0,2.0
39.0,4.0,4.0,4.0,2.0,4.0,5.0,1.0,5.0,44.0,5.0,10,6.0,2.0
25.0,5.0,4.0,1.0,2.0,5.0,5.0,4.0,5.0,40.0,4.0,10,5.0,2.0
20.0,5.0,5.0,1.0,2.0,2.0,3.0,4.0,3.0,72.0,7.0,10,4.0,3.0
35.0,5.0,5.0,4.0,1.0,1.0,3.0,1.0,4.0,0.0,5.0,10,5.0,2.0
37.0,3.0,4.0,3.0,2.0,2.0,4.0,2.0,5.0,80.0,4.0,10,4.0,5.0
35.0,4.0,5.0,2.0,2.0,4.0,4.0,4.0,4.0,84.0,3.0,10,3.0,2.0
38.0,3.0,1.0,2.0,2.0,5.0,5.0,4.0,5.0,68.0,4.0,10,4.0,2.0
40.0,1.0,2.0,1.0,1.0,1.0,2.0,5.0,2.0,60.0,2.0,10,4.0,1.0
25.0,3.0,1.0,1.0,2.0,5.0,5.0,5.0,5.0,100.0,3.0,10,4.0,2.0
40.0,2.0,2.0,1.0,2.0,5.0,5.0,5.0,5.0,80.0,7.0,10,7.0,3.0
38.0,4.0,3.0,2.0,2.0,3.0,4.0,2.0,4.0,68.0,3.0,10,8.0,4.0
40.0,1.0,1.0,4.0,2.0,3.0,5.0,5.0,4.0,92.0,4.0,10,2.0,1.0
30.0,4.0,4.0,5.0,1.0,5.0,2.0,4.0,4.0,44.0,4.0,10,4.0,2.0
40.0,4.0,3.0,2.0,1.0,2.0,4.0,2.0,4.0,60.0,4.0,10,3.0,2.0
37.0,2.0,2.0,2.0,2.0,5.0,5.0,3.0,5.0,76.0,4.0,10,4.0,2.0
40.0,5.0,5.0,2.0,2.0,4.0,4.0,2.0,3.0,60.0,4.0,2,5.0,1.0
40.0,4.0,4.0,1.0,2.0,5.0,5.0,4.0,4.0,68.0,4.0,2,3.0,2.0
35.0,4.0,3.0,1.0,1.0,1.0,4.0,2.0,3.0,60.0,6.0,2,4.0,1.0
48.0,5.0,5.0,3.0,1.0,3.0,4.0,1.0,3.0,44.0,6.0,2,4.0,1.0
40.0,3.0,2.0,2.0,2.0,5.0,4.0,2.0,4.0,68.0,5.0,2,3.0,1.0
42.0,4.0,4.0,2.0,2.0,5.0,5.0,3.0,3.0,44.0,4.0,2,7.0,2.0
45.0,5.0,4.0,3.0,2.0,5.0,5.0,5.0,3.0,56.0,5.0,2,3.0,2.0
45.0,4.0,4.0,2.0,1.0,5.0,5.0,4.0,4.0,52.0,5.0,2,7.0,5.0
40.0,4.0,4.0,2.0,2.0,4.0,4.0,5.0,5.0,76.0,6.0,2,8.0,6.0
60.0,1.0,1.0,2.0,2.0,3.0,4.0,4.0,4.0,64.0,4.0,2,5.0,1.0
20.0,3.0,1.0,3.0,2.0,5.0,5.0,5.0,4.0,88.0,3.0,2,4.0,2.0
40.0,5.0,5.0,3.0,2.0,4.0,5.0,5.0,5.0,76.0,4.0,2,7.0,2.0
12.0,3.0,3.0,1.0,2.0,5.0,5.0,5.0,4.0,68.0,2.0,2,5.0,2.0
40.0,4.0,1.0,2.0,2.0,5.0,5.0,5.0,4.0,92.0,7.0,2,3.0,1.0
40.0,3.0,1.0,3.0,2.0,5.0,5.0,4.0,4.0,72.0,6.0,2,5.0,2.0
60.0,5.0,5.0,3.0,1.0,3.0,4.0,3.0,2.0,40.0,4.0,2,5.0,2.0
40.0,4.0,4.0,4.0,2.0,1.0,3.0,1.0,2.0,48.0,4.0,2,7.0,2.0
40.0,3.0,3.0,2.0,2.0,5.0,5.0,5.0,5.0,92.0,4.0,2,2.0,2.0
40.0,5.0,4.0,2.0,2.0,3.0,5.0,5.0,4.0,64.0,8.0,2,5.0,2.0
40.0,5.0,4.0,3.0,2.0,4.0,5.0,5.0,4.0,68.0,5.0,2,4.0,4.0
40.0,2.0,2.0,1.0,2.0,4.0,4.0,4.0,4.0,44.0,5.0,2,6.0,1.0
40.0,3.0,3.0,1.0,2.0,5.0,5.0,5.0,4.0,64.0,5.0,2,6.0,2.0
40.0,4.0,5.0,5.0,2.0,5.0,5.0,5.0,5.0,84.0,3.0,2,7.0,1.0
43.0,5.0,5.0,4.0,2.0,3.0,4.0,1.0,4.0,8.0,4.0,2,8.0,2.0
40.0,5.0,3.0,1.0,2.0,4.0,4.0,5.0,4.0,80.0,2.0,2,5.0,1.0
35.0,5.0,4.0,5.0,1.0,1.0,4.0,5.0,5.0,80.0,4.0,2,3.0,1.0
30.0,3.0,2.0,1.0,2.0,5.0,5.0,5.0,4.0,60.0,2.0,2,4.0,1.0
10.0,5.0,5.0,2.0,2.0,5.0,5.0,1.0,5.0,40.0,4.0,2,4.0,1.0
40.0,5.0,2.0,4.0,2.0,5.0,4.0,4.0,2.0,88.0,4.0,2,7.0,2.0
40.0,1.0,1.0,1.0,2.0,5.0,5.0,5.0,4.0,96.0,3.0,2,2.0,2.0
40.0,4.0,3.0,1.0,2.0,5.0,5.0,5.0,3.0,92.0,4.0,2,3.0,2.0
14.0,5.0,1.0,1.0,2.0,2.0,5.0,4.0,5.0,68.0,4.0,2,4.0,1.0
30.0,5.0,5.0,3.0,1.0,1.0,5.0,4.0,5.0,92.0,2.0,2,4.0,2.0
40.0,4.0,1.0,3.0,1.0,5.0,5.0,1.0,4.0,36.0,4.0,2,4.0,1.0
30.0,4.0,3.0,3.0,2.0,5.0,5.0,5.0,4.0,72.0,6.0,2,3.0,1.0
40.0,3.0,5.0,2.0,2.0,3.0,4.0,4.0,4.0,64.0,5.0,2,4.0,1.0
40.0,4.0,2.0,2.0,2.0,5.0,5.0,5.0,4.0,80.0,3.0,2,6.0,2.0
60.0,5.0,5.0,4.0,2.0,3.0,4.0,1.0,5.0,92.0,3.0,2,4.0,2.0
25.0,5.0,5.0,1.0,2.0,5.0,5.0,4.0,4.0,72.0,4.0,2,5.0,2.0
40.0,3.0,2.0,2.0,2.0,4.0,5.0,5.0,4.0,76.0,3.0,2,5.0,1.0
20.0,4.0,5.0,4.0,2.0,4.0,4.0,4.0,5.0,68.0,3.0,2,5.0,1.0
40.0,5.0,2.0,2.0,2.0,3.0,5.0,4.0,4.0,44.0,4.0,2,4.0,1.0
40.0,4.0,5.0,1.0,2.0,4.0,4.0,3.0,3.0,80.0,4.0,2,7.0,2.0
10.0,5.0,5.0,3.0,2.0,5.0,5.0,3.0,5.0,76.0,4.0,2,4.0,1.0
42.0,3.0,3.0,1.0,2.0,5.0,5.0,5.0,5.0,84.0,4.0,2,5.0,2.0
38.0,2.0,4.0,2.0,2.0,4.0,5.0,3.0,4.0,68.0,4.0,2,5.0,2.0
40.0,5.0,3.0,5.0,2.0,3.0,2.0,4.0,2.0,60.0,2.0,2,5.0,1.0
10.0,5.0,5.0,1.0,1.0,3.0,5.0,1.0,5.0,48.0,4.0,2,3.0,2.0
24.0,5.0,2.0,3.0,2.0,5.0,5.0,4.0,5.0,68.0,2.0,2,5.0,1.0
40.0,3.0,2.0,1.0,2.0,5.0,5.0,4.0,3.0,64.0,4.0,2,5.0,1.0
52.0,3.0,5.0,3.0,1.0,4.0,4.0,2.0,3.0,52.0,4.0,2,4.0,1.0
15.0,5.0,5.0,5.0,2.0,2.0,4.0,1.0,3.0,40.0,4.0,2,5.0,1.0
12.0,4.0,3.0,1.0,2.0,5.0,5.0,5.0,5.0,80.0,4.0,2,4.0,1.0
40.0,4.0,3.0,3.0,2.0,4.0,5.0,4.0,3.0,72.0,4.0,2,5.0,2.0
10.0,4.0,1.0,1.0,2.0,4.0,5.0,5.0,5.0,68.0,3.0,2,7.0,1.0
60.0,5.0,5.0,5.0,2.0,5.0,3.0,2.0,2.0,36.0,4.0,2,7.0,5.0
40.0,5.0,5.0,2.0,1.0,4.0,4.0,1.0,4.0,36.0,3.0,2,5.0,1.0
40.0,5.0,5.0,4.0,1.0,5.0,5.0,2.0,4.0,44.0,8.0,2,6.0,5.0
10.0,3.0,5.0,2.0,2.0,5.0,5.0,5.0,4.0,80.0,4.0,2,1.0,1.0
40.0,5.0,5.0,2.0,2.0,5.0,5.0,2.0,5.0,100.0,3.0,2,4.0,1.0
40.0,4.0,2.0,2.0,2.0,5.0,5.0,4.0,3.0,68.0,2.0,2,4.0,1.0
40.0,5.0,1.0,1.0,2.0,5.0,5.0,5.0,5.0,100.0,3.0,2,3.0,1.0
20.0,2.0,2.0,3.0,2.0,5.0,5.0,5.0,4.0,92.0,4.0,2,4.0,1.0
40.0,3.0,1.0,2.0,2.0,5.0,5.0,5.0,5.0,84.0,2.0,2,4.0,2.0
42.0,5.0,4.0,3.0,2.0,5.0,5.0,5.0,5.0,80.0,4.0,2,4.0,2.0
60.0,4.0,4.0,5.0,1.0,1.0,5.0,1.0,2.0,20.0,3.0,2,6.0,1.0
26.0,4.0,4.0,1.0,1.0,5.0,5.0,5.0,5.0,44.0,2.0,2,5.0,1.0
25.0,5.0,4.0,2.0,2.0,5.0,5.0,5.0,3.0,64.0,3.0,2,4.0,1.0
30.0,4.0,3.0,1.0,2.0,5.0,3.0,5.0,5.0,92.0,2.0,2,5.0,1.0
36.0,5.0,5.0,3.0,1.0,4.0,4.0,4.0,3.0,64.0,4.0,2,5.0,2.0
40.0,4.0,5.0,3.0,2.0,5.0,5.0,5.0,5.0,76.0,8.0,2,4.0,1.0
40.0,4.0,1.0,3.0,2.0,5.0,5.0,3.0,4.0,72.0,4.0,2,8.0,2.0
5.0,2.0,1.0,1.0,2.0,5.0,5.0,5.0,5.0,80.0,2.0,2,5.0,1.0
20.0,4.0,2.0,2.0,1.0,3.0,1.0,4.0,5.0,72.0,2.0,2,6.0,2.0
21.0,5.0,1.0,3.0,1.0,2.0,5.0,5.0,4.0,44.0,3.0,2,6.0,1.0
66.0,2.0,2.0,2.0,2.0,2.0,5.0,2.0,4.0,92.0,3.0,2,2.0,1.0
60.0,5.0,5.0,3.0,1.0,1.0,3.0,1.0,2.0,68.0,4.0,2,5.0,2.0
10.0,2.0,2.0,2.0,2.0,4.0,5.0,3.0,4.0,92.0,4.0,2,2.0,1.0
24.0,3.0,3.0,5.0,2.0,5.0,5.0,5.0,3.0,64.0,2.0,2,7.0,2.0
40.0,4.0,5.0,5.0,2.0,4.0,3.0,4.0,2.0,28.0,4.0,2,3.0,2.0
40.0,3.0,2.0,3.0,2.0,5.0,3.0,2.0,5.0,64.0,2.0,2,5.0,2.0
45.0,5.0,5.0,3.0,2.0,5.0,5.0,4.0,4.0,84.0,4.0,8,5.0,3.0
16.0,4.0,3.0,1.0,2.0,5.0,5.0,5.0,4.0,92.0,4.0,8,8.0,2.0
40.0,4.0,4.0,1.0,2.0,5.0,5.0,4.0,5.0,96.0,7.0,8,8.0,6.0
40.0,5.0,5.0,1.0,2.0,5.0,5.0,5.0,2.0,92.0,2.0,8,5.0,4.0
40.0,5.0,5.0,1.0,1.0,1.0,3.0,4.0,4.0,52.0,5.0,8,3.0,1.0
40.0,3.0,3.0,3.0,2.0,3.0,4.0,4.0,4.0,44.0,5.0,8,8.0,3.0
40.0,5.0,5.0,4.0,2.0,3.0,3.0,2.0,2.0,64.0,4.0,8,5.0,5.0
50.0,3.0,3.0,1.0,2.0,4.0,4.0,5.0,5.0,60.0,5.0,8,7.0,4.0
40.0,2.0,1.0,2.0,2.0,5.0,5.0,2.0,4.0,76.0,2.0,8,8.0,3.0
37.0,4.0,3.0,1.0,2.0,5.0,5.0,4.0,5.0,56.0,7.0,8,5.0,3.0
40.0,4.0,4.0,3.0,2.0,4.0,4.0,5.0,4.0,80.0,2.0,8,7.0,4.0
40.0,3.0,3.0,1.0,2.0,5.0,5.0,4.0,5.0,76.0,5.0,8,7.0,3.0
24.0,2.0,2.0,1.0,2.0,5.0,5.0,4.0,5.0,72.0,3.0,8,7.0,6.0
40.0,2.0,2.0,1.0,2.0,5.0,5.0,5.0,5.0,72.0,6.0,8,8.0,3.0
40.0,3.0,3.0,1.0,2.0,5.0,5.0,5.0,4.0,72.0,4.0,8,4.0,6.0
40.0,4.0,2.0,1.0,2.0,4.0,4.0,4.0,4.0,56.0,6.0,8,7.0,6.0
30.0,4.0,4.0,1.0,1.0,5.0,5.0,5.0,5.0,76.0,2.0,8,5.0,3.0
40.0,4.0,4.0,2.0,2.0,5.0,5.0,5.0,5.0,68.0,4.0,8,8.0,6.0
42.0,4.0,3.0,2.0,1.0,4.0,5.0,4.0,4.0,44.0,8.0,8,8.0,3.0
40.0,3.0,3.0,1.0,2.0,5.0,5.0,5.0,4.0,76.0,4.0,8,7.0,4.0
30.0,4.0,5.0,4.0,2.0,5.0,5.0,2.0,5.0,36.0,7.0,8,5.0,4.0
40.0,4.0,4.0,1.0,1.0,4.0,4.0,5.0,5.0,60.0,1.0,8,7.0,3.0
40.0,4.0,5.0,1.0,2.0,5.0,5.0,4.0,2.0,76.0,8.0,8,7.0,4.0
47.0,4.0,3.0,2.0,2.0,5.0,5.0,3.0,4.0,52.0,8.0,8,7.0,6.0
50.0,4.0,5.0,1.0,1.0,5.0,5.0,4.0,4.0,84.0,4.0,8,6.0,4.0
40.0,3.0,3.0,1.0,1.0,5.0,5.0,4.0,5.0,64.0,4.0,8,7.0,3.0
24.0,4.0,4.0,2.0,2.0,3.0,4.0,4.0,4.0,72.0,8.0,8,8.0,2.0
44.0,3.0,5.0,3.0,1.0,3.0,4.0,4.0,4.0,24.0,4.0,8,4.0,1.0
40.0,3.0,3.0,2.0,2.0,5.0,5.0,5.0,4.0,56.0,8.0,8,6.0,3.0
50.0,5.0,3.0,5.0,2.0,5.0,5.0,5.0,3.0,64.0,4.0,8,4.0,5.0
45.0,5.0,5.0,1.0,1.0,5.0,5.0,2.0,3.0,64.0,8.0,8,5.0,1.0
50.0,4.0,4.0,3.0,2.0,5.0,5.0,4.0,4.0,80.0,8.0,8,8.0,3.0
40.0,4.0,3.0,3.0,2.0,5.0,5.0,1.0,4.0,24.0,5.0,8,5.0,5.0
60.0,5.0,5.0,3.0,1.0,1.0,5.0,2.0,2.0,68.0,5.0,8,5.0,5.0
40.0,4.0,5.0,5.0,2.0,1.0,4.0,1.0,3.0,0.0,2.0,8,7.0,2.0
42.0,3.0,3.0,4.0,1.0,5.0,5.0,4.0,4.0,72.0,8.0,8,6.0,3.0
40.0,5.0,5.0,2.0,2.0,5.0,4.0,3.0,4.0,52.0,8.0,8,7.0,3.0
45.0,4.0,5.0,3.0,1.0,2.0,4.0,1.0,5.0,44.0,1.0,8,7.0,3.0
39.0,4.0,4.0,3.0,1.0,5.0,5.0,4.0,3.0,80.0,7.0,8,5.0,3.0
44.0,3.0,3.0,3.0,2.0,4.0,5.0,4.0,4.0,56.0,4.0,8,7.0,3.0
40.0,5.0,5.0,1.0,2.0,5.0,5.0,5.0,4.0,76.0,7.0,8,8.0,6.0
50.0,5.0,5.0,4.0,1.0,1.0,4.0,1.0,2.0,48.0,8.0,8,5.0,3.0
39.0,4.0,2.0,2.0,2.0,5.0,4.0,5.0,4.0,64.0,6.0,8,4.0,3.0
40.0,5.0,5.0,1.0,1.0,1.0,5.0,5.0,2.0,88.0,6.0,8,5.0,6.0
40.0,3.0,3.0,1.0,2.0,5.0,5.0,4.0,4.0,68.0,7.0,8,8.0,3.0
30.0,1.0,1.0,1.0,2.0,3.0,4.0,5.0,4.0,76.0,4.0,8,4.0,4.0
38.0,3.0,3.0,3.0,2.0,5.0,5.0,4.0,4.0,80.0,8.0,8,8.0,4.0
39.0,4.0,5.0,4.0,2.0,4.0,5.0,4.0,5.0,64.0,8.0,8,7.0,3.0
45.0,3.0,2.0,1.0,2.0,5.0,5.0,3.0,4.0,68.0,8.0,8,7.0,6.0
45.0,3.0,4.0,3.0,2.0,5.0,5.0,3.0,4.0,48.0,4.0,8,6.0,3.0
35.0,5.0,3.0,2.0,2.0,4.0,5.0,4.0,5.0,56.0,6.0,8,6.0,3.0
40.0,5.0,3.0,3.0,2.0,3.0,3.0,5.0,4.0,48.0,2.0,8,5.0,4.0
45.0,5.0,5.0,2.0,2.0,4.0,5.0,3.0,5.0,60.0,5.0,8,8.0,6.0
40.0,3.0,4.0,1.0,2.0,5.0,5.0,5.0,5.0,84.0,6.0,8,7.0,4.0
40.0,2.0,3.0,2.0,2.0,5.0,5.0,5.0,5.0,76.0,5.0,8,7.0,3.0
38.0,4.0,4.0,1.0,1.0,5.0,5.0,5.0,3.0,80.0,8.0,8,7.0,6.0
47.0,4.0,5.0,2.0,1.0,4.0,5.0,2.0,4.0,80.0,6.0,8,6.0,3.0
40.0,3.0,4.0,2.0,2.0,5.0,5.0,5.0,3.0,88.0,4.0,8,5.0,5.0
40.0,4.0,4.0,1.0,2.0,5.0,5.0,4.0,4.0,32.0,4.0,8,4.0,6.0
40.0,2.0,3.0,2.0,2.0,3.0,4.0,2.0,5.0,80.0,4.0,8,5.0,3.0
40.0,4.0,4.0,1.0,2.0,5.0,5.0,5.0,5.0,64.0,4.0,8,8.0,3.0
39.0,3.0,2.0,2.0,2.0,4.0,4.0,5.0,5.0,68.0,7.0,8,7.0,4.0
72.0,5.0,5.0,5.0,2.0,2.0,4.0,1.0,3.0,32.0,6.0,8,5.0,5.0
40.0,3.0,3.0,1.0,2.0,3.0,5.0,4.0,4.0,72.0,4.0,8,6.0,4.0
45.0,5.0,5.0,4.0,1.0,3.0,5.0,4.0,4.0,28.0,6.0,8,7.0,3.0
44.0,5.0,5.0,5.0,2.0,4.0,4.0,4.0,4.0,56.0,8.0,8,6.0,6.0
41.0,4.0,4.0,2.0,2.0,5.0,4.0,4.0,4.0,52.0,5.0,8,7.0,3.0
40.0,3.0,2.0,3.0,2.0,5.0,5.0,5.0,5.0,88.0,6.0,8,6.0,3.0
40.0,2.0,2.0,1.0,2.0,4.0,5.0,5.0,5.0,52.0,6.0,8,6.0,3.0
40.0,4.0,5.0,3.0,1.0,4.0,5.0,2.0,5.0,60.0,6.0,8,6.0,3.0
39.0,3.0,3.0,1.0,2.0,4.0,4.0,3.0,4.0,48.0,8.0,8,7.0,5.0
50.0,4.0,4.0,1.0,2.0,5.0,5.0,4.0,5.0,96.0,8.0,8,7.0,6.0
42.0,3.0,4.0,2.0,2.0,4.0,4.0,5.0,4.0,76.0,5.0,8,7.0,6.0
43.0,4.0,4.0,2.0,2.0,4.0,4.0,4.0,4.0,60.0,8.0,8,7.0,6.0
40.0,2.0,3.0,1.0,2.0,5.0,5.0,4.0,4.0,80.0,4.0,8,7.0,6.0
40.0,1.0,2.0,2.0,2.0,5.0,5.0,5.0,4.0,32.0,4.0,8,7.0,3.0
40.0,2.0,3.0,1.0,2.0,5.0,5.0,5.0,4.0,68.0,2.0,8,6.0,3.0
41.0,2.0,2.0,1.0,2.0,5.0,5.0,5.0,5.0,92.0,4.0,8,6.0,3.0
40.0,5.0,2.0,2.0,2.0,5.0,5.0,5.0,4.0,100.0,4.0,8,4.0,6.0
50.0,3.0,3.0,1.0,2.0,5.0,5.0,5.0,4.0,64.0,5.0,8,5.0,3.0
20.0,4.0,2.0,1.0,2.0,5.0,5.0,5.0,5.0,76.0,5.0,8,5.0,3.0
60.0,5.0,5.0,2.0,2.0,5.0,5.0,4.0,3.0,80.0,6.0,8,6.0,5.0
36.0,3.0,3.0,3.0,2.0,4.0,4.0,5.0,5.0,76.0,8.0,8,6.0,3.0
40.0,2.0,3.0,1.0,2.0,5.0,5.0,5.0,5.0,80.0,1.0,8,5.0,3.0
35.0,4.0,2.0,1.0,2.0,5.0,5.0,5.0,5.0,88.0,7.0,8,5.0,3.0
55.0,3.0,3.0,3.0,2.0,5.0,5.0,4.0,5.0,72.0,6.0,8,8.0,3.0
40.0,4.0,4.0,3.0,2.0,4.0,5.0,4.0,5.0,80.0,7.0,8,6.0,6.0
41.0,4.0,4.0,1.0,2.0,4.0,3.0,4.0,4.0,60.0,4.0,8,8.0,3.0
40.0,4.0,2.0,1.0,2.0,5.0,5.0,5.0,5.0,84.0,6.0,8,5.0,3.0
25.0,4.0,3.0,1.0,2.0,5.0,5.0,5.0,4.0,72.0,4.0,8,7.0,6.0
40.0,5.0,4.0,3.0,1.0,5.0,4.0,3.0,5.0,36.0,4.0,8,7.0,4.0
40.0,4.0,4.0,2.0,2.0,5.0,5.0,4.0,4.0,48.0,4.0,8,5.0,3.0
40.0,5.0,2.0,3.0,2.0,5.0,5.0,5.0,4.0,76.0,5.0,8,5.0,2.0
40.0,1.0,1.0,1.0,2.0,5.0,5.0,5.0,5.0,100.0,4.0,8,5.0,3.0
40.0,3.0,3.0,4.0,2.0,5.0,5.0,5.0,5.0,60.0,4.0,8,6.0,4.0
40.0,4.0,4.0,3.0,2.0,3.0,1.0,4.0,5.0,72.0,6.0,8,7.0,2.0
40.0,4.0,5.0,1.0,1.0,5.0,5.0,5.0,4.0,64.0,5.0,8,8.0,4.0
40.0,4.0,5.0,2.0,2.0,3.0,4.0,2.0,4.0,56.0,4.0,5,8.0,4.0
40.0,4.0,4.0,1.0,2.0,5.0,5.0,4.0,4.0,72.0,8.0,5,8.0,3.0
35.0,5.0,4.0,4.0,2.0,5.0,5.0,5.0,5.0,40.0,2.0,5,8.0,4.0
40.0,2.0,4.0,2.0,2.0,5.0,5.0,2.0,4.0,44.0,6.0,5,5.0,6.0
37.0,1.0,1.0,2.0,2.0,4.0,4.0,1.0,3.0,56.0,6.0,5,4.0,2.0
40.0,3.0,3.0,3.0,2.0,5.0,5.0,4.0,4.0,76.0,2.0,5,7.0,2.0
44.0,3.0,5.0,2.0,2.0,5.0,5.0,4.0,4.0,80.0,3.0,5,8.0,4.0
55.0,4.0,4.0,3.0,2.0,4.0,4.0,3.0,3.0,48.0,6.0,5,7.0,6.0
50.0,3.0,3.0,2.0,1.0,5.0,5.0,4.0,4.0,56.0,7.0,5,7.0,3.0
45.0,5.0,5.0,2.0,2.0,4.0,4.0,4.0,4.0,80.0,7.0,5,8.0,4.0
40.0,5.0,4.0,4.0,1.0,4.0,5.0,4.0,5.0,68.0,3.0,5,8.0,4.0
42.0,4.0,4.0,3.0,2.0,4.0,5.0,4.0,4.0,52.0,8.0,5,8.0,3.0
45.0,3.0,4.0,1.0,2.0,4.0,4.0,2.0,4.0,80.0,8.0,5,7.0,6.0
47.0,4.0,4.0,2.0,1.0,4.0,4.0,4.0,4.0,48.0,8.0,5,7.0,3.0
40.0,5.0,3.0,1.0,2.0,5.0,5.0,5.0,5.0,92.0,4.0,5,8.0,2.0
44.0,3.0,5.0,3.0,2.0,5.0,5.0,2.0,4.0,84.0,2.0,5,4.0,2.0
40.0,3.0,4.0,5.0,1.0,5.0,5.0,3.0,4.0,32.0,2.0,5,7.0,4.0
40.0,5.0,4.0,2.0,2.0,5.0,5.0,5.0,4.0,80.0,8.0,5,7.0,6.0
60.0,5.0,5.0,4.0,2.0,5.0,5.0,4.0,3.0,72.0,4.0,5,8.0,3.0
30.0,3.0,3.0,2.0,2.0,4.0,4.0,4.0,5.0,64.0,4.0,5,7.0,1.0
35.0,4.0,4.0,4.0,2.0,4.0,4.0,4.0,4.0,68.0,3.0,5,6.0,4.0
50.0,4.0,5.0,1.0,2.0,5.0,5.0,4.0,5.0,72.0,8.0,5,5.0,3.0
37.0,4.0,5.0,2.0,2.0,5.0,5.0,4.0,3.0,72.0,4.0,5,8.0,6.0
40.0,2.0,2.0,1.0,2.0,5.0,5.0,5.0,5.0,72.0,3.0,5,7.0,3.0
40.0,4.0,4.0,3.0,1.0,4.0,5.0,3.0,4.0,68.0,8.0,5,8.0,3.0
40.0,3.0,5.0,1.0,1.0,4.0,5.0,4.0,5.0,60.0,7.0,5,6.0,6.0
38.0,2.0,3.0,3.0,2.0,5.0,5.0,4.0,5.0,72.0,8.0,5,7.0,3.0
50.0,5.0,5.0,4.0,1.0,2.0,4.0,1.0,4.0,48.0,5.0,5,8.0,3.0
12.0,3.0,4.0,2.0,2.0,5.0,5.0,5.0,5.0,48.0,2.0,5,8.0,6.0
40.0,4.0,4.0,2.0,2.0,5.0,4.0,4.0,5.0,68.0,6.0,5,8.0,3.0
40.0,4.0,4.0,2.0,2.0,5.0,5.0,2.0,4.0,80.0,8.0,5,8.0,3.0
36.0,4.0,1.0,3.0,2.0,3.0,5.0,5.0,5.0,96.0,8.0,5,3.0,3.0
40.0,4.0,4.0,1.0,1.0,5.0,5.0,4.0,5.0,72.0,4.0,5,8.0,3.0
44.0,2.0,3.0,2.0,1.0,5.0,5.0,4.0,4.0,84.0,2.0,5,6.0,2.0
40.0,5.0,5.0,1.0,1.0,3.0,3.0,1.0,5.0,40.0,8.0,5,8.0,3.0
30.0,3.0,3.0,3.0,1.0,4.0,4.0,4.0,5.0,68.0,4.0,5,5.0,4.0
45.0,4.0,4.0,3.0,1.0,5.0,4.0,4.0,4.0,76.0,7.0,5,7.0,3.0
39.0,5.0,5.0,3.0,1.0,5.0,5.0,4.0,5.0,60.0,7.0,5,7.0,2.0
40.0,5.0,5.0,3.0,2.0,5.0,5.0,5.0,5.0,64.0,3.0,5,8.0,5.0
36.0,5.0,5.0,2.0,2.0,5.0,5.0,3.0,5.0,64.0,8.0,5,6.0,3.0
40.0,5.0,5.0,1.0,2.0,5.0,3.0,5.0,2.0,68.0,3.0,5,4.0,1.0
50.0,5.0,5.0,1.0,2.0,2.0,4.0,2.0,4.0,56.0,5.0,5,6.0,3.0
50.0,4.0,4.0,4.0,2.0,1.0,4.0,4.0,4.0,64.0,4.0,5,7.0,3.0
35.0,5.0,3.0,2.0,2.0,5.0,5.0,1.0,5.0,72.0,2.0,5,6.0,5.0
60.0,4.0,3.0,3.0,2.0,3.0,4.0,4.0,4.0,56.0,3.0,5,7.0,5.0
6.0,5.0,5.0,1.0,2.0,5.0,5.0,5.0,2.0,64.0,4.0,5,5.0,2.0
39.0,5.0,4.0,2.0,2.0,4.0,4.0,4.0,5.0,76.0,5.0,5,8.0,6.0
45.0,2.0,3.0,2.0,2.0,5.0,5.0,5.0,3.0,64.0,4.0,5,8.0,6.0
40.0,4.0,4.0,2.0,2.0,5.0,4.0,4.0,5.0,84.0,7.0,5,8.0,6.0
45.0,5.0,4.0,2.0,2.0,5.0,5.0,5.0,5.0,60.0,5.0,5,3.0,6.0
55.0,4.0,4.0,3.0,2.0,5.0,5.0,4.0,5.0,72.0,7.0,5,5.0,6.0
30.0,2.0,4.0,2.0,2.0,5.0,5.0,5.0,4.0,64.0,2.0,5,8.0,6.0
50.0,5.0,5.0,1.0,2.0,4.0,5.0,4.0,3.0,68.0,8.0,5,8.0,6.0
40.0,4.0,4.0,4.0,1.0,2.0,3.0,2.0,2.0,80.0,4.0,5,6.0,4.0
12.0,5.0,5.0,3.0,1.0,4.0,5.0,4.0,3.0,56.0,2.0,5,4.0,1.0
40.0,3.0,2.0,2.0,2.0,5.0,5.0,5.0,4.0,96.0,2.0,5,5.0,1.0
50.0,5.0,5.0,3.0,2.0,3.0,3.0,4.0,4.0,72.0,4.0,5,8.0,4.0
40.0,3.0,3.0,3.0,1.0,5.0,5.0,4.0,5.0,68.0,1.0,5,5.0,4.0
38.0,4.0,5.0,1.0,2.0,5.0,4.0,4.0,5.0,76.0,7.0,8,7.0,4.0
37.0,3.0,4.0,2.0,1.0,4.0,4.0,2.0,4.0,52.0,3.0,8,5.0,1.0
25.0,4.0,4.0,5.0,1.0,2.0,3.0,2.0,4.0,20.0,3.0,8,8.0,6.0
40.0,3.0,3.0,1.0,2.0,5.0,5.0,4.0,5.0,64.0,7.0,8,7.0,4.0
35.0,2.0,2.0,5.0,2.0,4.0,4.0,4.0,5.0,56.0,2.0,8,8.0,4.0
40.0,4.0,5.0,2.0,1.0,4.0,4.0,5.0,4.0,76.0,3.0,8,5.0,6.0
40.0,2.0,3.0,1.0,2.0,5.0,5.0,5.0,4.0,64.0,4.0,8,8.0,4.0
50.0,3.0,5.0,2.0,1.0,3.0,5.0,2.0,4.0,72.0,4.0,8,8.0,4.0
20.0,4.0,3.0,1.0,2.0,5.0,5.0,5.0,5.0,88.0,2.0,8,5.0,2.0
40.0,4.0,5.0,4.0,1.0,2.0,3.0,1.0,4.0,16.0,3.0,8,6.0,2.0
40.0,4.0,5.0,3.0,1.0,5.0,5.0,3.0,4.0,72.0,3.0,8,7.0,4.0
40.0,4.0,4.0,3.0,2.0,5.0,5.0,4.0,3.0,52.0,3.0,8,8.0,4.0
35.0,5.0,5.0,3.0,2.0,5.0,4.0,5.0,5.0,84.0,3.0,8,4.0,2.0
37.0,5.0,5.0,3.0,2.0,5.0,5.0,2.0,3.0,28.0,2.0,8,6.0,5.0
43.0,4.0,4.0,2.0,2.0,5.0,5.0,5.0,5.0,68.0,8.0,8,7.0,6.0
40.0,5.0,5.0,1.0,2.0,5.0,4.0,5.0,5.0,100.0,2.0,8,6.0,6.0
40.0,5.0,5.0,2.0,1.0,5.0,5.0,5.0,5.0,60.0,3.0,8,6.0,6.0
40.0,3.0,4.0,3.0,2.0,5.0,5.0,3.0,4.0,76.0,4.0,8,4.0,2.0
40.0,2.0,4.0,2.0,1.0,5.0,5.0,4.0,5.0,60.0,3.0,8,8.0,6.0
35.0,5.0,5.0,2.0,2.0,4.0,4.0,4.0,4.0,52.0,7.0,8,7.0,3.0
50.0,5.0,5.0,3.0,2.0,4.0,3.0,4.0,2.0,52.0,8.0,8,9.0,3.0
46.0,4.0,4.0,3.0,2.0,4.0,4.0,3.0,4.0,64.0,6.0,8,7.0,4.0
45.0,4.0,5.0,2.0,2.0,5.0,5.0,5.0,2.0,64.0,4.0,8,9.0,4.0
22.0,3.0,5.0,2.0,2.0,4.0,5.0,2.0,4.0,56.0,2.0,8,5.0,6.0
50.0,5.0,5.0,3.0,2.0,5.0,5.0,2.0,2.0,52.0,3.0,8,8.0,3.0
32.0,5.0,5.0,1.0,2.0,5.0,5.0,5.0,5.0,72.0,3.0,8,5.0,4.0
40.0,3.0,4.0,1.0,2.0,5.0,5.0,5.0,5.0,92.0,8.0,8,7.0,4.0
38.0,2.0,5.0,2.0,1.0,2.0,5.0,4.0,2.0,44.0,3.0,8,7.0,2.0
50.0,5.0,5.0,3.0,2.0,3.0,3.0,3.0,4.0,52.0,8.0,8,8.0,2.0
40.0,5.0,5.0,1.0,1.0,5.0,3.0,1.0,4.0,64.0,3.0,8,6.0,3.0
30.0,3.0,4.0,2.0,2.0,5.0,5.0,5.0,4.0,72.0,3.0,8,7.0,2.0
25.0,4.0,4.0,4.0,1.0,2.0,5.0,3.0,4.0,52.0,4.0,8,8.0,4.0
6.0,4.0,2.0,1.0,2.0,5.0,5.0,5.0,5.0,52.0,2.0,8,5.0,2.0
37.0,4.0,5.0,2.0,2.0,4.0,4.0,5.0,5.0,68.0,3.0,8,7.0,2.0
42.0,4.0,4.0,3.0,2.0,4.0,4.0,3.0,4.0,48.0,3.0,8,8.0,6.0
40.0,3.0,3.0,3.0,2.0,5.0,5.0,5.0,4.0,56.0,4.0,8,5.0,4.0
42.0,4.0,5.0,1.0,2.0,5.0,5.0,5.0,4.0,64.0,1.0,8,7.0,4.0
46.0,3.0,3.0,1.0,2.0,5.0,5.0,4.0,2.0,76.0,6.0,8,8.0,3.0
45.0,5.0,3.0,3.0,1.0,5.0,5.0,5.0,5.0,80.0,3.0,8,8.0,3.0
48.0,3.0,3.0,2.0,2.0,4.0,5.0,2.0,4.0,84.0,2.0,8,8.0,3.0
40.0,2.0,2.0,4.0,1.0,4.0,4.0,1.0,4.0,56.0,5.0,8,5.0,6.0
40.0,4.0,4.0,1.0,2.0,4.0,4.0,2.0,5.0,68.0,8.0,8,7.0,3.0
72.0,3.0,5.0,4.0,1.0,2.0,3.0,1.0,2.0,4.0,4.0,8,8.0,6.0
20.0,3.0,3.0,1.0,2.0,5.0,5.0,5.0,4.0,76.0,2.0,8,8.0,4.0
40.0,3.0,3.0,2.0,2.0,5.0,5.0,4.0,4.0,60.0,4.0,8,7.0,1.0
40.0,3.0,3.0,2.0,2.0,4.0,5.0,2.0,5.0,76.0,8.0,8,8.0,6.0
45.0,4.0,4.0,1.0,2.0,2.0,5.0,2.0,5.0,52.0,4.0,8,7.0,4.0
20.0,4.0,3.0,3.0,2.0,5.0,4.0,5.0,4.0,52.0,2.0,8,5.0,4.0
45.0,4.0,4.0,2.0,1.0,2.0,3.0,2.0,3.0,36.0,4.0,8,7.0,5.0
40.0,2.0,3.0,2.0,2.0,4.0,4.0,5.0,5.0,72.0,5.0,8,6.0,4.0
37.0,2.0,2.0,4.0,2.0,5.0,4.0,5.0,5.0,100.0,4.0,8,5.0,3.0
40.0,3.0,2.0,2.0,2.0,4.0,4.0,5.0,5.0,84.0,3.0,8,6.0,4.0
40.0,5.0,5.0,1.0,2.0,5.0,5.0,5.0,5.0,96.0,5.0,8,7.0,2.0
40.0,4.0,4.0,2.0,2.0,5.0,5.0,5.0,4.0,76.0,3.0,8,8.0,6.0
35.0,4.0,4.0,1.0,2.0,5.0,5.0,4.0,5.0,72.0,6.0,8,9.0,2.0
52.0,4.0,4.0,5.0,1.0,5.0,5.0,2.0,3.0,40.0,5.0,8,6.0,3.0
40.0,3.0,3.0,3.0,2.0,3.0,4.0,3.0,5.0,44.0,8.0,8,7.0,1.0
40.0,2.0,1.0,3.0,2.0,5.0,5.0,5.0,5.0,84.0,5.0,8,7.0,5.0
40.0,4.0,4.0,1.0,2.0,5.0,5.0,5.0,4.0,72.0,4.0,8,7.0,3.0
33.0,5.0,5.0,3.0,2.0,3.0,4.0,3.0,4.0,56.0,4.0,8,7.0,4.0
50.0,4.0,5.0,1.0,2.0,5.0,4.0,4.0,4.0,76.0,5.0,8,7.0,4.0
38.0,2.0,2.0,3.0,2.0,5.0,5.0,4.0,5.0,68.0,4.0,8,5.0,2.0
45.0,2.0,2.0,2.0,2.0,5.0,5.0,5.0,5.0,100.0,4.0,8,7.0,6.0
40.0,3.0,3.0,5.0,2.0,4.0,3.0,5.0,5.0,64.0,6.0,8,8.0,3.0
40.0,4.0,4.0,2.0,2.0,4.0,4.0,4.0,4.0,52.0,3.0,8,7.0,6.0
45.0,4.0,4.0,1.0,2.0,5.0,5.0,5.0,4.0,76.0,5.0,8,9.0,4.0
40.0,4.0,4.0,1.0,2.0,5.0,5.0,4.0,4.0,64.0,3.0,8,8.0,2.0
35.0,5.0,5.0,4.0,1.0,5.0,5.0,5.0,3.0,56.0,3.0,8,6.0,6.0
42.0,3.0,4.0,1.0,2.0,5.0,5.0,1.0,5.0,76.0,7.0,8,7.0,2.0
20.0,3.0,5.0,1.0,2.0,2.0,5.0,4.0,3.0,52.0,3.0,8,4.0,4.0
40.0,4.0,4.0,3.0,1.0,5.0,4.0,2.0,5.0,56.0,6.0,8,5.0,2.0
40.0,4.0,2.0,1.0,2.0,5.0,4.0,5.0,5.0,60.0,6.0,8,7.0,3.0
36.0,3.0,3.0,1.0,2.0,5.0,5.0,4.0,5.0,88.0,4.0,8,7.0,6.0
36.0,4.0,2.0,1.0,2.0,4.0,1.0,3.0,3.0,36.0,4.0,8,5.0,1.0
37.0,4.0,4.0,2.0,2.0,4.0,4.0,5.0,4.0,80.0,4.0,8,6.0,6.0
40.0,5.0,5.0,1.0,1.0,5.0,4.0,4.0,5.0,20.0,4.0,8,6.0,2.0
60.0,5.0,5.0,3.0,2.0,4.0,4.0,4.0,2.0,52.0,2.0,8,6.0,5.0
48.0,5.0,5.0,5.0,1.0,2.0,3.0,1.0,3.0,44.0,8.0,8,4.0,1.0
37.0,5.0,4.0,3.0,1.0,4.0,5.0,4.0,3.0,56.0,4.0,8,7.0,3.0
20.0,5.0,5.0,1.0,2.0,5.0,5.0,3.0,5.0,52.0,3.0,8,7.0,2.0
45.0,3.0,2.0,1.0,2.0,4.0,5.0,4.0,4.0,80.0,4.0,8,5.0,3.0
38.0,5.0,3.0,2.0,2.0,5.0,5.0,5.0,5.0,76.0,8.0,8,7.0,3.0
39.0,4.0,5.0,1.0,2.0,5.0,5.0,5.0,4.0,84.0,4.0,8,8.0,2.0
47.0,4.0,4.0,1.0,2.0,5.0,5.0,5.0,4.0,84.0,4.0,8,8.0,6.0
40.0,5.0,5.0,2.0,1.0,4.0,3.0,5.0,5.0,52.0,7.0,8,7.0,4.0
40.0,5.0,4.0,2.0,2.0,5.0,5.0,5.0,4.0,64.0,2.0,8,3.0,5.0
40.0,3.0,4.0,2.0,2.0,4.0,4.0,4.0,5.0,80.0,4.0,8,5.0,1.0
40.0,4.0,4.0,1.0,2.0,5.0,5.0,5.0,5.0,88.0,8.0,8,8.0,4.0
40.0,3.0,3.0,2.0,2.0,5.0,5.0,2.0,5.0,56.0,5.0,8,7.0,2.0
40.0,5.0,5.0,2.0,2.0,5.0,5.0,4.0,5.0,72.0,4.0,8,4.0,6.0
37.0,4.0,4.0,1.0,2.0,5.0,5.0,5.0,4.0,52.0,6.0,8,8.0,2.0
50.0,5.0,5.0,2.0,2.0,5.0,5.0,5.0,3.0,80.0,3.0,8,6.0,2.0
40.0,4.0,4.0,2.0,1.0,4.0,4.0,4.0,3.0,76.0,3.0,8,6.0,2.0
39.0,5.0,5.0,1.0,2.0,2.0,4.0,4.0,3.0,68.0,4.0,8,5.0,3.0
35.0,4.0,4.0,1.0,2.0,5.0,5.0,4.0,4.0,52.0,4.0,8,6.0,2.0
5.0,2.0,1.0,3.0,1.0,5.0,5.0,5.0,3.0,52.0,4.0,8,9.0,1.0
35.0,1.0,1.0,1.0,2.0,1.0,5.0,1.0,5.0,100.0,4.0,8,3.0,1.0
40.0,2.0,2.0,2.0,2.0,4.0,4.0,4.0,5.0,80.0,4.0,8,7.0,5.0
50.0,4.0,3.0,4.0,2.0,1.0,5.0,1.0,4.0,72.0,4.0,8,8.0,5.0
35.0,4.0,4.0,1.0,2.0,5.0,5.0,2.0,2.0,80.0,3.0,8,5.0,1.0
40.0,1.0,1.0,1.0,2.0,5.0,5.0,1.0,5.0,92.0,6.0,8,7.0,2.0
40.0,4.0,2.0,1.0,2.0,4.0,5.0,5.0,5.0,68.0,1.0,8,7.0,5.0
40.0,3.0,3.0,2.0,2.0,4.0,4.0,4.0,5.0,72.0,7.0,8,7.0,3.0
40.0,4.0,3.0,1.0,2.0,5.0,5.0,4.0,4.0,64.0,3.0,8,7.0,4.0
40.0,4.0,4.0,5.0,2.0,2.0,3.0,2.0,3.0,20.0,4.0,8,6.0,2.0
28.0,3.0,4.0,3.0,2.0,3.0,5.0,2.0,4.0,72.0,3.0,8,5.0,2.0
40.0,5.0,5.0,4.0,2.0,1.0,4.0,1.0,2.0,52.0,3.0,8,5.0,2.0
39.0,4.0,5.0,2.0,2.0,5.0,5.0,5.0,3.0,72.0,2.0,8,9.0,6.0
50.0,5.0,5.0,3.0,1.0,5.0,4.0,3.0,4.0,48.0,6.0,8,6.0,3.0
29.0,1.0,1.0,2.0,2.0,5.0,5.0,5.0,4.0,100.0,1.0,8,3.0,1.0
35.0,4.0,3.0,3.0,1.0,5.0,5.0,4.0,4.0,80.0,4.0,8,6.0,4.0
10.0,2.0,3.0,2.0,2.0,5.0,5.0,5.0,4.0,56.0,3.0,8,4.0,2.0
40.0,4.0,5.0,3.0,2.0,5.0,5.0,5.0,5.0,52.0,6.0,8,7.0,2.0
39.0,3.0,2.0,1.0,2.0,5.0,5.0,5.0,4.0,72.0,4.0,8,7.0,2.0
37.0,4.0,4.0,2.0,1.0,4.0,5.0,2.0,5.0,24.0,7.0,8,6.0,2.0
50.0,2.0,2.0,1.0,2.0,5.0,5.0,4.0,4.0,52.0,4.0,8,8.0,3.0
40.0,4.0,5.0,1.0,1.0,4.0,4.0,4.0,4.0,48.0,7.0,8,8.0,3.0
44.0,4.0,1.0,2.0,2.0,5.0,5.0,4.0,2.0,28.0,3.0,8,7.0,2.0
40.0,4.0,4.0,2.0,2.0,5.0,5.0,3.0,4.0,48.0,6.0,8,7.0,3.0
20.0,4.0,4.0,1.0,2.0,4.0,5.0,4.0,4.0,72.0,4.0,8,5.0,4.0
25.0,1.0,4.0,3.0,2.0,5.0,5.0,5.0,4.0,76.0,2.0,8,6.0,4.0
40.0,2.0,2.0,1.0,1.0,5.0,5.0,5.0,5.0,68.0,5.0,8,5.0,3.0
40.0,4.0,4.0,1.0,2.0,5.0,5.0,3.0,4.0,76.0,4.0,8,7.0,3.0
42.0,4.0,4.0,3.0,2.0,5.0,5.0,3.0,4.0,100.0,4.0,8,7.0,4.0
40.0,1.0,1.0,1.0,2.0,5.0,5.0,3.0,4.0,80.0,3.0,8,4.0,1.0
40.0,4.0,3.0,3.0,2.0,3.0,5.0,1.0,3.0,44.0,3.0,8,5.0,2.0
55.0,5.0,4.0,5.0,1.0,5.0,5.0,5.0,3.0,24.0,7.0,8,5.0,3.0
45.0,1.0,4.0,2.0,1.0,5.0,4.0,5.0,5.0,72.0,7.0,8,5.0,5.0
40.0,1.0,1.0,3.0,2.0,5.0,5.0,5.0,5.0,88.0,4.0,8,5.0,2.0
40.0,2.0,2.0,5.0,2.0,4.0,4.0,2.0,4.0,48.0,4.0,8,6.0,5.0
40.0,3.0,5.0,2.0,2.0,5.0,5.0,5.0,4.0,92.0,4.0,8,8.0,3.0
40.0,2.0,2.0,2.0,2.0,5.0,5.0,3.0,4.0,80.0,4.0,8,3.0,1.0
40.0,1.0,5.0,3.0,2.0,5.0,4.0,4.0,5.0,64.0,8.0,8,7.0,1.0
40.0,3.0,3.0,3.0,2.0,5.0,5.0,5.0,4.0,92.0,8.0,8,5.0,2.0
40.0,3.0,2.0,2.0,2.0,3.0,4.0,4.0,4.0,76.0,3.0,8,5.0,5.0
35.0,5.0,5.0,1.0,2.0,2.0,5.0,1.0,4.0,64.0,2.0,8,5.0,1.0
37.0,4.0,4.0,4.0,2.0,5.0,2.0,2.0,4.0,60.0,8.0,8,4.0,1.0
30.0,3.0,2.0,1.0,1.0,5.0,5.0,5.0,4.0,48.0,4.0,8,2.0,1.0
36.0,1.0,2.0,1.0,2.0,2.0,3.0,5.0,5.0,80.0,4.0,8,4.0,1.0
30.0,5.0,5.0,2.0,2.0,3.0,3.0,3.0,4.0,44.0,4.0,8,4.0,1.0
15.0,1.0,2.0,1.0,2.0,5.0,5.0,4.0,4.0,80.0,2.0,8,4.0,1.0
39.0,3.0,3.0,2.0,2.0,3.0,2.0,4.0,5.0,56.0,4.0,8,5.0,1.0
38.0,3.0,2.0,1.0,2.0,5.0,5.0,5.0,5.0,100.0,4.0,8,4.0,1.0
40.0,3.0,3.0,2.0,2.0,3.0,5.0,4.0,4.0,40.0,3.0,8,3.0,1.0
40.0,2.0,3.0,2.0,2.0,5.0,4.0,5.0,4.0,64.0,4.0,8,5.0,2.0
35.0,4.0,3.0,3.0,2.0,4.0,5.0,1.0,5.0,72.0,4.0,8,3.0,1.0
40.0,2.0,1.0,5.0,2.0,5.0,5.0,2.0,4.0,100.0,4.0,8,4.0,1.0
15.0,2.0,1.0,1.0,1.0,1.0,5.0,2.0,3.0,40.0,2.0,8,3.0,1.0
36.0,4.0,4.0,1.0,2.0,5.0,5.0,5.0,5.0,76.0,4.0,8,7.0,1.0
40.0,3.0,1.0,4.0,1.0,4.0,1.0,1.0,3.0,28.0,4.0,8,2.0,1.0
40.0,2.0,3.0,2.0,2.0,3.0,5.0,2.0,4.0,76.0,6.0,8,5.0,6.0
20.0,5.0,5.0,1.0,2.0,1.0,5.0,4.0,5.0,84.0,1.0,8,4.0,1.0
42.0,4.0,4.0,1.0,2.0,3.0,4.0,3.0,3.0,60.0,6.0,8,6.0,1.0
40.0,3.0,4.0,2.0,2.0,4.0,4.0,4.0,4.0,28.0,4.0,8,5.0,5.0
40.0,3.0,4.0,2.0,2.0,4.0,4.0,4.0,5.0,100.0,3.0,8,2.0,1.0
50.0,5.0,4.0,2.0,1.0,2.0,3.0,4.0,5.0,60.0,3.0,8,7.0,6.0
15.0,5.0,2.0,1.0,1.0,5.0,5.0,5.0,5.0,100.0,4.0,8,4.0,1.0
39.0,3.0,1.0,1.0,2.0,5.0,5.0,5.0,4.0,56.0,3.0,8,2.0,5.0
40.0,3.0,3.0,2.0,2.0,4.0,5.0,4.0,4.0,72.0,3.0,8,3.0,1.0
41.0,3.0,3.0,2.0,1.0,4.0,5.0,4.0,4.0,80.0,7.0,8,8.0,4.0
28.0,3.0,3.0,3.0,1.0,1.0,3.0,1.0,4.0,32.0,5.0,8,3.0,1.0
50.0,5.0,5.0,3.0,1.0,5.0,5.0,5.0,4.0,68.0,4.0,8,7.0,6.0
40.0,3.0,4.0,1.0,1.0,3.0,4.0,2.0,4.0,20.0,4.0,8,3.0,1.0
40.0,1.0,1.0,1.0,2.0,1.0,1.0,5.0,5.0,100.0,1.0,8,4.0,1.0
40.0,3.0,3.0,3.0,1.0,2.0,5.0,1.0,3.0,84.0,5.0,8,5.0,1.0
37.0,5.0,5.0,5.0,1.0,2.0,2.0,4.0,3.0,16.0,2.0,8,7.0,1.0
45.0,5.0,4.0,3.0,1.0,2.0,5.0,2.0,5.0,32.0,2.0,8,4.0,1.0
39.0,1.0,2.0,1.0,2.0,4.0,5.0,1.0,4.0,60.0,3.0,8,3.0,1.0
40.0,3.0,2.0,1.0,2.0,5.0,3.0,5.0,5.0,100.0,4.0,8,3.0,1.0
26.0,2.0,2.0,2.0,2.0,3.0,1.0,5.0,5.0,80.0,4.0,8,1.0,1.0
25.0,5.0,5.0,3.0,1.0,2.0,2.0,1.0,4.0,76.0,4.0,8,2.0,1.0
40.0,3.0,3.0,1.0,1.0,3.0,5.0,5.0,4.0,20.0,2.0,8,4.0,1.0
23.0,1.0,5.0,3.0,1.0,5.0,3.0,5.0,5.0,56.0,4.0,8,4.0,1.0
36.0,2.0,1.0,5.0,1.0,4.0,1.0,2.0,2.0,32.0,6.0,8,5.0,1.0
40.0,3.0,1.0,1.0,1.0,5.0,3.0,4.0,4.0,56.0,4.0,8,3.0,1.0
40.0,3.0,2.0,1.0,2.0,5.0,5.0,5.0,4.0,84.0,3.0,8,4.0,1.0
32.0,5.0,5.0,2.0,2.0,5.0,1.0,5.0,5.0,76.0,1.0,8,2.0,1.0
15.0,5.0,5.0,3.0,2.0,4.0,4.0,2.0,5.0,52.0,4.0,8,6.0,1.0
40.0,5.0,5.0,1.0,2.0,5.0,5.0,5.0,5.0,56.0,8.0,8,3.0,1.0
40.0,4.0,5.0,1.0,1.0,5.0,5.0,1.0,3.0,48.0,3.0,8,3.0,1.0
35.0,3.0,3.0,1.0,2.0,4.0,5.0,5.0,5.0,96.0,2.0,8,5.0,1.0
40.0,3.0,1.0,5.0,2.0,4.0,1.0,1.0,5.0,92.0,4.0,8,2.0,1.0
50.0,3.0,3.0,2.0,2.0,2.0,5.0,3.0,4.0,80.0,4.0,8,8.0,4.0
30.0,5.0,3.0,2.0,1.0,3.0,3.0,3.0,4.0,32.0,2.0,8,5.0,1.0
38.0,1.0,5.0,1.0,2.0,5.0,5.0,5.0,5.0,92.0,4.0,8,3.0,1.0
30.0,3.0,1.0,1.0,2.0,3.0,5.0,3.0,4.0,48.0,4.0,8,7.0,2.0
20.0,2.0,2.0,1.0,2.0,5.0,5.0,2.0,5.0,84.0,2.0,8,7.0,3.0
39.0,3.0,2.0,3.0,2.0,3.0,5.0,3.0,3.0,20.0,6.0,8,7.0,3.0
41.0,5.0,5.0,5.0,1.0,3.0,2.0,5.0,4.0,40.0,4.0,8,4.0,2.0
30.0,5.0,1.0,3.0,2.0,5.0,5.0,2.0,5.0,80.0,8.0,8,6.0,3.0
40.0,4.0,4.0,3.0,1.0,2.0,5.0,1.0,4.0,68.0,6.0,8,9.0,3.0
39.0,5.0,5.0,3.0,1.0,5.0,5.0,4.0,4.0,72.0,4.0,8,6.0,2.0
38.0,3.0,4.0,2.0,2.0,5.0,5.0,5.0,4.0,84.0,4.0,8,7.0,4.0
45.0,4.0,5.0,1.0,2.0,5.0,5.0,2.0,4.0,64.0,4.0,8,7.0,4.0
30.0,2.0,2.0,4.0,2.0,5.0,4.0,4.0,5.0,64.0,7.0,8,5.0,6.0
30.0,5.0,4.0,4.0,1.0,3.0,5.0,3.0,2.0,40.0,7.0,8,7.0,3.0
43.0,3.0,5.0,3.0,1.0,4.0,5.0,2.0,4.0,56.0,4.0,8,7.0,3.0
44.0,3.0,5.0,3.0,2.0,5.0,5.0,4.0,4.0,100.0,4.0,8,5.0,2.0
39.0,3.0,5.0,2.0,2.0,4.0,5.0,4.0,3.0,60.0,8.0,8,6.0,3.0
39.0,4.0,2.0,4.0,2.0,4.0,5.0,5.0,4.0,76.0,5.0,8,3.0,2.0
30.0,5.0,5.0,3.0,1.0,3.0,5.0,1.0,5.0,16.0,4.0,8,5.0,3.0
40.0,3.0,3.0,1.0,2.0,5.0,4.0,5.0,4.0,48.0,4.0,8,7.0,4.0
30.0,3.0,3.0,4.0,2.0,2.0,5.0,5.0,4.0,48.0,4.0,8,5.0,2.0
37.0,5.0,5.0,4.0,1.0,4.0,5.0,4.0,5.0,60.0,8.0,8,7.0,6.0
20.0,5.0,5.0,3.0,2.0,5.0,5.0,5.0,5.0,60.0,5.0,8,7.0,3.0
40.0,4.0,4.0,4.0,2.0,5.0,4.0,2.0,4.0,56.0,5.0,9,7.0,4.0
38.0,3.0,5.0,3.0,2.0,4.0,4.0,4.0,4.0,52.0,3.0,9,7.0,4.0
50.0,4.0,5.0,3.0,2.0,4.0,4.0,4.0,3.0,60.0,8.0,9,7.0,4.0
35.0,4.0,4.0,2.0,2.0,5.0,5.0,1.0,4.0,84.0,8.0,9,4.0,1.0
40.0,3.0,2.0,1.0,2.0,4.0,4.0,5.0,4.0,52.0,7.0,9,6.0,2.0
40.0,3.0,5.0,2.0,2.0,5.0,5.0,3.0,3.0,80.0,4.0,9,5.0,2.0
38.0,4.0,4.0,1.0,2.0,2.0,5.0,4.0,5.0,68.0,4.0,9,5.0,4.0
37.0,3.0,4.0,2.0,2.0,3.0,3.0,1.0,4.0,80.0,6.0,9,7.0,4.0
50.0,5.0,5.0,2.0,2.0,3.0,4.0,5.0,4.0,72.0,4.0,9,8.0,4.0
35.0,1.0,3.0,1.0,1.0,4.0,4.0,1.0,4.0,68.0,4.0,9,7.0,4.0
20.0,4.0,3.0,3.0,1.0,5.0,5.0,5.0,5.0,60.0,4.0,9,7.0,4.0
35.0,4.0,2.0,3.0,2.0,5.0,5.0,3.0,4.0,84.0,7.0,9,7.0,4.0
40.0,4.0,4.0,3.0,2.0,5.0,5.0,5.0,4.0,68.0,4.0,9,5.0,1.0
38.0,3.0,2.0,2.0,1.0,5.0,2.0,2.0,5.0,56.0,3.0,9,3.0,1.0
48.0,2.0,2.0,3.0,1.0,3.0,4.0,4.0,5.0,88.0,6.0,9,5.0,1.0
52.0,3.0,1.0,2.0,2.0,5.0,5.0,4.0,5.0,80.0,8.0,9,4.0,2.0
43.0,5.0,5.0,2.0,2.0,5.0,5.0,4.0,5.0,64.0,4.0,9,6.0,4.0
38.0,4.0,5.0,3.0,1.0,5.0,5.0,3.0,4.0,28.0,7.0,9,5.0,2.0
38.0,4.0,4.0,5.0,1.0,5.0,5.0,4.0,2.0,28.0,5.0,9,4.0,2.0
37.0,5.0,4.0,4.0,2.0,3.0,4.0,4.0,4.0,60.0,8.0,9,7.0,4.0
40.0,1.0,5.0,4.0,2.0,5.0,4.0,1.0,5.0,80.0,5.0,9,9.0,4.0
40.0,3.0,3.0,3.0,2.0,5.0,3.0,5.0,5.0,92.0,5.0,9,3.0,1.0
39.0,4.0,4.0,2.0,2.0,5.0,5.0,4.0,3.0,24.0,6.0,9,7.0,6.0
38.0,3.0,3.0,4.0,2.0,5.0,5.0,4.0,4.0,76.0,3.0,9,7.0,4.0
35.0,3.0,4.0,1.0,2.0,3.0,4.0,5.0,4.0,72.0,4.0,9,8.0,4.0
35.0,3.0,3.0,1.0,2.0,5.0,5.0,5.0,4.0,64.0,7.0,9,5.0,2.0
35.0,2.0,4.0,2.0,2.0,4.0,5.0,4.0,5.0,72.0,5.0,9,7.0,6.0
40.0,2.0,1.0,2.0,2.0,5.0,5.0,4.0,5.0,72.0,8.0,9,7.0,5.0
13.0,3.5,1.0,1.0,2.0,5.0,5.0,5.0,5.0,76.0,4.0,9,3.0,1.0
45.0,3.0,3.0,3.0,2.0,5.0,5.0,1.0,5.0,76.0,8.0,9,7.0,4.0
42.0,3.0,3.0,1.0,2.0,5.0,5.0,5.0,5.0,96.0,6.0,9,7.0,4.0
40.0,5.0,4.0,3.0,1.0,5.0,3.0,5.0,4.0,76.0,8.0,9,9.0,4.0
39.0,2.0,3.0,1.0,1.0,5.0,5.0,5.0,5.0,84.0,8.0,9,3.0,4.0
37.0,4.0,5.0,5.0,1.0,5.0,5.0,1.0,5.0,92.0,3.0,9,8.0,2.0
40.0,3.0,5.0,5.0,2.0,5.0,5.0,5.0,4.0,68.0,4.0,9,4.0,1.0
25.0,4.0,4.0,2.0,2.0,5.0,5.0,4.0,4.0,56.0,3.0,9,7.0,2.0
37.0,4.0,2.0,4.0,1.0,5.0,3.0,4.0,3.0,52.0,3.0,9,5.0,6.0
40.0,4.0,3.0,1.0,1.0,5.0,5.0,4.0,4.0,76.0,6.0,9,6.0,6.0
40.0,2.0,3.0,1.0,2.0,5.0,5.0,5.0,5.0,88.0,4.0,9,7.0,3.0
35.0,4.0,5.0,2.0,2.0,5.0,5.0,4.0,5.0,80.0,2.0,9,4.0,2.0
32.0,4.0,4.0,5.0,1.0,5.0,5.0,4.0,2.0,32.0,4.0,9,4.0,2.0
36.0,1.0,1.0,2.0,2.0,4.0,4.0,4.0,4.0,52.0,4.0,9,2.0,1.0
37.0,1.0,2.0,1.0,2.0,4.0,4.0,1.0,4.0,20.0,4.0,9,7.0,2.0
38.0,4.0,5.0,4.0,2.0,5.0,5.0,5.0,5.0,100.0,4.0,9,7.0,4.0
25.0,3.0,5.0,3.0,2.0,5.0,5.0,1.0,5.0,92.0,3.0,9,5.0,4.0
43.0,5.0,5.0,5.0,1.0,2.0,5.0,5.0,5.0,40.0,3.0,9,8.0,6.0
39.0,3.0,3.0,2.0,2.0,4.0,4.0,5.0,5.0,68.0,4.0,9,7.0,4.0
21.0,3.0,4.0,4.0,2.0,5.0,4.0,4.0,4.0,52.0,6.0,9,6.0,4.0
19.0,3.0,3.0,3.0,1.0,4.0,4.0,2.0,3.0,68.0,8.0,9,5.0,2.0
40.0,3.0,5.0,1.0,2.0,5.0,5.0,5.0,5.0,92.0,4.0,9,5.0,1.0
30.0,3.0,4.0,4.0,2.0,2.0,4.0,4.0,2.0,60.0,5.0,9,7.0,1.0
38.0,4.0,4.0,3.0,1.0,3.0,5.0,5.0,3.0,80.0,6.0,9,5.0,1.0
35.0,5.0,5.0,5.0,1.0,5.0,5.0,1.0,2.0,40.0,2.0,9,7.0,2.0
35.0,2.0,3.0,2.0,2.0,5.0,5.0,4.0,5.0,64.0,8.0,9,5.0,6.0
40.0,5.0,5.0,2.0,1.0,5.0,5.0,2.0,5.0,80.0,7.0,9,4.0,2.0
38.0,3.0,3.0,2.0,2.0,2.0,4.0,1.0,5.0,52.0,8.0,9,6.0,6.0
35.0,3.0,3.0,1.0,1.0,5.0,5.0,5.0,5.0,20.0,4.0,9,6.0,4.0
35.0,3.0,3.0,3.0,1.0,4.0,4.0,3.0,5.0,68.0,8.0,9,5.0,2.0
37.0,3.0,1.0,2.0,2.0,3.0,4.0,1.0,5.0,52.0,4.0,9,6.0,1.0
40.0,4.0,4.0,5.0,2.0,4.0,5.0,2.0,4.0,88.0,6.0,9,5.0,5.0
40.0,4.0,4.0,2.0,2.0,5.0,5.0,5.0,4.0,64.0,6.0,9,6.0,1.0
38.0,3.0,5.0,3.0,2.0,5.0,5.0,5.0,5.0,92.0,4.0,9,6.0,2.0
50.0,2.0,3.0,4.0,1.0,1.0,1.0,1.0,3.0,24.0,4.0,9,4.0,1.0
35.0,5.0,1.0,5.0,2.0,5.0,5.0,1.0,2.0,72.0,6.0,9,6.0,2.0
50.0,4.0,4.0,3.0,1.0,4.0,4.0,4.0,4.0,68.0,4.0,9,8.0,6.0
35.0,1.0,1.0,1.0,2.0,2.0,5.0,4.0,5.0,76.0,4.0,9,7.0,2.0
40.0,4.0,4.0,4.0,1.0,3.0,4.0,3.0,3.0,72.0,4.0,9,8.0,2.0
45.0,5.0,5.0,1.0,2.0,5.0,3.0,5.0,5.0,88.0,4.0,9,6.0,2.0
35.0,3.0,4.0,4.0,1.0,5.0,5.0,1.0,4.0,72.0,8.0,9,4.0,2.0
38.0,3.0,4.0,2.0,2.0,5.0,5.0,4.0,5.0,52.0,4.0,9,5.0,4.0
40.0,4.0,5.0,2.0,2.0,5.0,5.0,5.0,4.0,56.0,5.0,9,7.0,2.0
35.0,3.0,4.0,5.0,1.0,4.0,5.0,5.0,4.0,88.0,4.0,9,6.0,4.0
37.0,2.0,2.0,1.0,2.0,5.0,5.0,5.0,5.0,72.0,4.0,9,7.0,2.0
40.0,3.0,3.0,1.0,2.0,5.0,5.0,5.0,5.0,68.0,6.0,9,4.0,1.0
49.0,3.0,1.0,4.0,1.0,5.0,5.0,5.0,4.0,68.0,3.0,9,3.0,1.0
45.0,5.0,5.0,3.0,2.0,4.0,5.0,5.0,4.0,80.0,4.0,9,6.0,5.0
50.0,4.0,5.0,4.0,2.0,5.0,5.0,3.0,5.0,36.0,4.0,9,5.0,5.0
40.0,3.0,3.0,1.0,1.0,3.0,5.0,2.0,4.0,44.0,4.0,9,9.0,4.0
37.0,3.0,3.0,2.0,2.0,5.0,5.0,5.0,5.0,76.0,5.0,9,7.0,5.0
38.0,2.0,2.0,3.0,1.0,5.0,5.0,2.0,3.0,80.0,2.0,9,8.0,4.0
40.0,3.0,3.0,1.0,2.0,5.0,5.0,5.0,5.0,100.0,7.0,9,7.0,2.0
40.0,5.0,4.0,3.0,2.0,5.0,5.0,4.0,5.0,84.0,2.0,9,7.0,5.0
38.0,2.0,4.0,3.0,2.0,4.0,5.0,3.0,4.0,64.0,5.0,9,7.0,4.0
50.0,4.0,3.0,3.0,1.0,2.0,2.0,5.0,3.0,68.0,8.0,9,9.0,3.0
48.0,5.0,5.0,3.0,2.0,5.0,5.0,5.0,5.0,80.0,5.0,9,5.0,1.0
40.0,4.0,4.0,4.0,2.0,4.0,4.0,1.0,4.0,56.0,5.0,9,5.0,2.0
40.0,5.0,4.0,3.0,1.0,4.0,4.0,1.0,2.0,64.0,4.0,9,5.0,4.0
43.0,4.0,4.0,1.0,2.0,5.0,5.0,4.0,4.0,88.0,8.0,9,7.0,4.0
48.0,5.0,5.0,5.0,2.0,5.0,5.0,5.0,4.0,88.0,4.0,9,7.0,1.0
38.0,2.0,3.0,2.0,2.0,5.0,5.0,5.0,4.0,72.0,8.0,9,5.0,2.0
37.0,4.0,4.0,3.0,1.0,4.0,4.0,5.0,5.0,64.0,4.0,9,7.0,6.0
35.0,3.0,5.0,3.0,1.0,1.0,1.0,1.0,4.0,64.0,4.0,9,6.0,2.0
35.0,2.0,4.0,3.0,2.0,5.0,5.0,5.0,5.0,92.0,4.0,9,7.0,2.0
72.0,3.0,5.0,5.0,2.0,5.0,5.0,3.0,2.0,24.0,3.0,9,8.0,2.0
37.0,3.0,4.0,3.0,2.0,5.0,4.0,4.0,4.0,88.0,5.0,9,7.0,2.0
38.0,3.0,3.0,1.0,2.0,5.0,5.0,1.0,4.0,64.0,6.0,9,6.0,4.0
35.0,2.0,1.0,1.0,1.0,5.0,5.0,2.0,5.0,60.0,4.0,9,5.0,2.0
24.0,5.0,5.0,3.0,2.0,5.0,5.0,3.0,5.0,80.0,4.0,9,4.0,2.0
36.0,3.0,4.0,1.0,2.0,4.0,4.0,5.0,5.0,72.0,8.0,9,7.0,2.0
45.0,4.0,5.0,4.0,1.0,4.0,2.0,2.0,4.0,52.0,3.0,9,7.0,5.0
35.0,3.0,3.0,3.0,2.0,3.0,5.0,4.0,5.0,88.0,4.0,9,2.0,1.0
30.0,3.0,3.0,3.0,2.0,4.0,5.0,4.0,5.0,84.0,3.0,9,6.0,4.0
38.0,3.0,2.0,2.0,1.0,5.0,5.0,5.0,3.0,80.0,4.0,9,7.0,4.0
38.0,4.0,2.0,2.0,2.0,4.0,4.0,4.0,2.0,68.0,4.0,9,5.0,2.0
40.0,5.0,5.0,3.0,2.0,4.0,4.0,5.0,4.0,88.0,4.0,9,5.0,2.0
35.0,3.0,3.0,3.0,1.0,5.0,5.0,5.0,2.0,56.0,4.0,9,5.0,2.0
21.0,4.0,1.0,1.0,2.0,4.0,4.0,4.0,5.0,60.0,4.0,9,5.0,2.0
45.0,4.0,4.0,1.0,2.0,5.0,5.0,5.0,5.0,72.0,4.0,9,7.0,2.0
35.0,1.0,1.0,1.0,2.0,5.0,5.0,5.0,5.0,48.0,4.0,9,7.0,5.0
35.0,4.0,4.0,2.0,2.0,4.0,3.0,3.0,4.0,68.0,4.0,9,5.0,1.0
38.0,4.0,5.0,1.0,1.0,3.0,5.0,3.0,2.0,52.0,4.0,9,6.0,2.0
35.0,5.0,5.0,4.0,2.0,3.0,5.0,1.0,5.0,48.0,4.0,9,2.0,1.0
35.0,3.0,3.0,3.0,2.0,4.0,4.0,4.0,5.0,88.0,6.0,9,4.0,5.0
40.0,5.0,5.0,3.0,1.0,2.0,3.0,2.0,2.0,64.0,4.0,9,4.0,2.0
37.0,5.0,5.0,4.0,1.0,1.0,4.0,2.0,5.0,40.0,4.0,9,7.0,6.0
48.0,3.0,4.0,1.0,2.0,5.0,5.0,3.0,5.0,80.0,4.0,9,4.0,2.0
37.0,2.0,4.0,2.0,2.0,5.0,5.0,5.0,5.0,72.0,4.0,9,5.0,6.0
35.0,2.0,2.0,4.0,1.0,2.0,2.0,2.0,4.0,56.0,4.0,9,6.0,6.0
40.0,1.0,1.0,1.0,2.0,5.0,5.0,5.0,5.0,96.0,5.0,9,6.0,6.0
37.0,1.0,2.0,1.0,2.0,2.0,5.0,1.0,3.0,36.0,3.0,4,5.0,1.0
30.0,5.0,4.0,5.0,1.0,5.0,5.0,5.0,5.0,84.0,4.0,4,6.0,6.0
36.0,1.0,1.0,1.0,1.0,5.0,5.0,4.0,5.0,48.0,2.0,4,6.0,1.0
37.0,4.0,3.0,1.0,2.0,5.0,5.0,5.0,5.0,76.0,4.0,4,7.0,2.0
35.0,2.0,2.0,2.0,1.0,5.0,5.0,5.0,5.0,88.0,4.0,4,6.0,4.0
20.0,4.0,5.0,4.0,2.0,5.0,5.0,4.0,2.0,64.0,2.0,4,8.0,6.0
45.0,2.0,3.0,4.0,2.0,4.0,5.0,4.0,5.0,40.0,6.0,4,7.0,4.0
28.0,2.0,2.0,1.0,2.0,5.0,5.0,5.0,5.0,76.0,5.0,4,7.0,4.0
20.0,4.0,1.0,1.0,1.0,5.0,5.0,5.0,5.0,84.0,2.0,4,4.0,3.0
40.0,3.0,3.0,4.0,2.0,4.0,5.0,1.0,4.0,52.0,6.0,4,7.0,4.0
35.0,2.0,5.0,4.0,2.0,5.0,5.0,5.0,5.0,60.0,4.0,4,7.0,6.0
38.0,5.0,4.0,4.0,2.0,5.0,5.0,5.0,5.0,56.0,4.0,4,6.0,4.0
12.0,3.0,1.0,3.0,2.0,3.0,3.0,1.0,5.0,92.0,3.0,4,7.0,1.0
40.0,5.0,2.0,1.0,2.0,5.0,5.0,5.0,5.0,96.0,5.0,4,6.0,4.0
40.0,1.0,1.0,3.0,2.0,4.0,5.0,5.0,5.0,80.0,6.0,4,8.0,1.0
30.0,3.0,3.0,3.0,2.0,5.0,5.0,5.0,5.0,72.0,4.0,4,6.0,4.0
35.0,1.0,3.0,4.0,2.0,4.0,5.0,3.0,4.0,60.0,4.0,4,7.0,1.0
25.0,3.0,3.0,3.0,2.0,5.0,5.0,3.0,4.0,52.0,5.0,4,7.0,4.0
50.0,1.0,1.0,1.0,1.0,5.0,5.0,3.0,5.0,84.0,4.0,4,8.0,3.0
24.0,4.0,4.0,3.0,2.0,5.0,5.0,4.0,5.0,76.0,6.0,4,7.0,6.0
33.0,4.0,5.0,4.0,1.0,3.0,4.0,4.0,4.0,48.0,6.0,4,6.0,1.0
35.0,2.0,5.0,3.0,2.0,4.0,4.0,4.0,4.0,56.0,4.0,4,7.0,2.0
40.0,5.0,3.0,3.0,2.0,5.0,4.0,4.0,4.0,68.0,4.0,4,7.0,6.0
40.0,3.0,3.0,3.0,2.0,4.0,4.0,5.0,4.0,76.0,6.0,4,7.0,4.0
25.0,4.0,4.0,3.0,2.0,3.0,4.0,2.0,5.0,40.0,4.0,4,6.0,6.0
36.0,3.0,3.0,5.0,2.0,4.0,4.0,2.0,3.0,60.0,4.0,4,6.0,2.0
29.0,3.0,3.0,3.0,2.0,5.0,5.0,4.0,4.0,64.0,4.0,4,7.0,6.0
40.0,3.0,3.0,2.0,2.0,5.0,5.0,5.0,5.0,76.0,5.0,4,6.0,6.0
40.0,4.0,3.0,3.0,1.0,4.0,4.0,4.0,5.0,64.0,5.0,4,7.0,6.0
50.0,5.0,3.0,4.0,2.0,5.0,5.0,5.0,4.0,36.0,4.0,4,8.0,3.0
30.0,2.0,2.0,2.0,1.0,5.0,5.0,5.0,5.0,48.0,4.0,4,8.0,6.0
50.0,5.0,4.0,5.0,1.0,3.0,4.0,1.0,3.0,52.0,5.0,4,9.0,6.0
40.0,1.0,1.0,2.0,2.0,5.0,5.0,5.0,5.0,84.0,4.0,4,8.0,4.0
38.0,3.0,1.0,3.0,2.0,3.0,3.0,4.0,4.0,68.0,4.0,4,5.0,2.0
35.0,2.0,2.0,1.0,2.0,5.0,5.0,5.0,5.0,68.0,3.0,4,5.0,1.0
25.0,3.0,3.0,2.0,2.0,5.0,5.0,5.0,5.0,48.0,5.0,4,7.0,6.0
50.0,4.0,4.0,4.0,2.0,2.0,3.0,1.0,5.0,56.0,8.0,4,9.0,6.0
55.0,3.0,2.0,1.0,2.0,5.0,5.0,5.0,5.0,84.0,6.0,4,9.0,6.0
30.0,1.0,1.0,1.0,2.0,5.0,5.0,5.0,4.0,80.0,6.0,4,8.0,6.0
4.0,1.0,1.0,1.0,2.0,5.0,5.0,5.0,5.0,56.0,4.0,4,6.0,2.0
40.0,4.0,5.0,3.0,1.0,5.0,5.0,5.0,5.0,84.0,4.0,4,7.0,6.0
38.0,4.0,1.0,3.0,2.0,5.0,5.0,5.0,4.0,56.0,6.0,4,8.0,1.0
42.0,3.0,3.0,3.0,1.0,4.0,5.0,3.0,4.0,68.0,6.0,4,6.0,6.0
44.0,3.0,4.0,4.0,2.0,5.0,5.0,5.0,5.0,84.0,7.0,4,6.0,4.0
22.0,5.0,4.0,5.0,1.0,4.0,4.0,1.0,2.0,40.0,3.0,4,5.0,1.0
38.0,4.0,2.0,1.0,2.0,3.0,5.0,5.0,4.0,72.0,4.0,4,8.0,2.0
37.0,3.0,3.0,3.0,2.0,4.0,5.0,4.0,4.0,80.0,5.0,4,7.0,6.0
33.0,3.0,3.0,2.0,2.0,4.0,4.0,4.0,4.0,52.0,8.0,4,9.0,4.0
45.0,5.0,3.0,2.0,2.0,3.0,5.0,4.0,5.0,84.0,7.0,4,5.0,1.0
5.0,4.0,3.0,2.0,1.0,5.0,5.0,4.0,4.0,60.0,3.0,4,5.0,4.0
30.0,3.0,3.0,3.0,2.0,5.0,5.0,5.0,4.0,64.0,3.0,4,5.0,1.0
40.0,1.0,4.0,5.0,2.0,4.0,5.0,4.0,5.0,84.0,5.0,4,6.0,6.0
45.0,5.0,2.0,4.0,2.0,5.0,5.0,4.0,4.0,84.0,4.0,4,7.0,6.0
26.0,1.0,2.0,1.0,2.0,5.0,5.0,5.0,5.0,88.0,4.0,4,6.0,6.0
55.0,4.0,5.0,5.0,1.0,3.0,4.0,3.0,4.0,40.0,4.0,4,6.0,4.0
40.0,5.0,5.0,2.0,2.0,5.0,5.0,5.0,3.0,52.0,4.0,4,7.0,3.0
40.0,4.0,4.0,3.0,2.0,5.0,5.0,2.0,5.0,72.0,5.0,4,7.0,4.0
40.0,3.0,3.0,2.0,2.0,5.0,5.0,2.0,4.0,76.0,6.0,4,4.0,1.0
32.0,4.0,4.0,4.0,1.0,3.0,3.0,1.0,4.0,24.0,5.0,4,6.0,6.0
35.0,3.0,3.0,3.0,2.0,4.0,3.0,4.0,4.0,56.0,5.0,4,5.0,1.0
38.0,1.0,4.0,3.0,1.0,5.0,5.0,2.0,5.0,96.0,6.0,4,7.0,3.0
30.0,5.0,3.0,5.0,1.0,5.0,5.0,4.0,4.0,84.0,6.0,4,8.0,4.0
60.0,5.0,5.0,1.0,2.0,5.0,5.0,5.0,2.0,76.0,8.0,4,9.0,3.0
30.0,4.0,4.0,3.0,2.0,5.0,5.0,1.0,5.0,64.0,5.0,4,6.0,6.0
27.0,5.0,2.0,1.0,1.0,5.0,5.0,3.0,5.0,60.0,6.0,4,7.0,6.0
25.0,3.0,3.0,1.0,2.0,5.0,5.0,5.0,5.0,84.0,5.0,4,6.0,6.0
23.0,4.0,4.0,3.0,2.0,5.0,4.0,5.0,4.0,76.0,4.0,4,7.0,6.0
35.0,3.0,3.0,2.0,2.0,3.0,4.0,3.0,4.0,72.0,2.0,4,5.0,2.0
30.0,3.0,4.0,2.0,2.0,5.0,2.0,5.0,4.0,80.0,5.0,4,8.0,4.0
30.0,1.0,1.0,1.0,2.0,5.0,5.0,5.0,5.0,96.0,4.0,4,7.0,1.0
40.0,1.0,1.0,1.0,2.0,5.0,5.0,5.0,5.0,100.0,4.0,4,7.0,3.0
37.0,5.0,5.0,3.0,1.0,4.0,5.0,5.0,5.0,80.0,4.0,4,7.0,4.0
40.0,4.0,4.0,3.0,2.0,5.0,5.0,5.0,4.0,64.0,4.0,4,6.0,4.0
40.0,2.0,2.0,3.0,2.0,3.0,5.0,1.0,5.0,72.0,4.0,4,7.0,2.0
45.0,4.0,4.0,5.0,2.0,4.0,4.0,4.0,4.0,60.0,5.0,4,7.0,3.0
30.0,3.0,4.0,3.0,2.0,5.0,4.0,5.0,4.0,64.0,4.0,4,7.0,4.0
48.0,3.0,3.0,2.0,1.0,5.0,4.0,5.0,5.0,80.0,8.0,4,9.0,4.0
38.0,3.0,4.0,4.0,1.0,4.0,3.0,3.0,4.0,56.0,4.0,4,5.0,1.0
38.0,2.0,3.0,1.0,2.0,5.0,5.0,4.0,5.0,56.0,3.0,4,7.0,4.0
38.0,3.0,3.0,4.0,1.0,4.0,4.0,5.0,4.0,80.0,4.0,4,7.0,4.0
40.0,5.0,5.0,3.0,1.0,5.0,5.0,3.0,2.0,80.0,8.0,4,9.0,2.0
34.0,1.0,1.0,1.0,2.0,5.0,5.0,5.0,4.0,92.0,3.0,4,6.0,1.0
43.0,4.0,3.0,3.0,2.0,5.0,5.0,5.0,4.0,36.0,8.0,4,8.0,6.0
37.0,2.0,2.0,1.0,2.0,1.0,3.0,5.0,5.0,100.0,4.0,4,6.0,1.0
30.0,3.0,3.0,3.0,2.0,5.0,5.0,5.0,5.0,88.0,4.0,4,6.0,4.0
40.0,4.0,4.0,3.0,2.0,2.0,3.0,3.0,4.0,72.0,2.0,4,5.0,4.0
30.0,5.0,5.0,4.0,2.0,5.0,5.0,5.0,5.0,80.0,4.0,4,8.0,2.0
40.0,2.0,2.0,2.0,2.0,5.0,5.0,5.0,5.0,44.0,8.0,4,9.0,6.0
46.0,4.0,4.0,5.0,1.0,4.0,5.0,5.0,5.0,72.0,4.0,4,8.0,4.0
40.0,2.0,3.0,4.0,1.0,4.0,4.0,5.0,4.0,40.0,6.0,4,9.0,6.0
45.0,4.0,3.0,4.0,2.0,5.0,5.0,2.0,5.0,52.0,4.0,4,6.0,6.0
14.0,1.0,2.0,2.0,2.0,3.0,3.0,2.0,5.0,56.0,4.0,4,8.0,1.0
40.0,4.0,4.0,4.0,1.0,5.0,4.0,5.0,5.0,88.0,4.0,4,7.0,4.0
35.0,2.0,1.0,1.0,2.0,1.0,3.0,4.0,4.0,72.0,4.0,4,3.0,1.0
35.0,4.0,4.0,4.0,2.0,3.0,4.0,3.0,4.0,76.0,8.0,4,9.0,6.0
10.0,1.0,1.0,1.0,2.0,3.0,2.0,1.0,4.0,20.0,4.0,4,6.0,1.0
23.0,2.0,2.0,3.0,2.0,4.0,4.0,4.0,4.0,72.0,4.0,4,7.0,6.0
50.0,4.0,5.0,4.0,1.0,4.0,5.0,2.0,4.0,72.0,5.0,4,8.0,3.0
40.0,3.0,3.0,3.0,1.0,3.0,4.0,4.0,4.0,52.0,4.0,4,7.0,5.0
21.0,3.0,3.0,2.0,2.0,5.0,4.0,3.0,5.0,80.0,5.0,4,7.0,6.0
14.0,1.0,1.0,3.0,2.0,4.0,5.0,4.0,4.0,80.0,4.0,4,8.0,1.0
42.0,3.0,3.0,3.0,1.0,4.0,5.0,4.0,5.0,64.0,8.0,4,9.0,6.0
25.0,1.0,2.0,3.0,2.0,5.0,2.0,5.0,3.0,56.0,4.0,4,9.0,2.0
35.0,3.0,3.0,3.0,2.0,5.0,5.0,5.0,5.0,76.0,5.0,4,7.0,6.0
35.0,4.0,4.0,2.0,2.0,5.0,5.0,2.0,4.0,64.0,3.0,4,4.0,1.0
45.0,4.0,4.0,2.0,1.0,4.0,4.0,4.0,4.0,56.0,7.0,4,9.0,4.0
50.0,5.0,5.0,5.0,2.0,5.0,5.0,5.0,4.0,68.0,6.0,4,8.0,4.0
35.0,4.0,4.0,4.0,2.0,2.0,3.0,1.0,4.0,48.0,5.0,4,7.0,4.0
45.0,5.0,5.0,5.0,1.0,2.0,2.0,1.0,4.0,40.0,4.0,4,8.0,3.0
10.0,2.0,2.0,4.0,2.0,4.0,4.0,4.0,5.0,84.0,4.0,4,8.0,1.0
25.0,4.0,1.0,1.0,2.0,5.0,5.0,5.0,4.0,72.0,4.0,4,6.0,1.0
37.0,5.0,2.0,3.0,1.0,4.0,5.0,3.0,4.0,44.0,4.0,4,5.0,2.0
45.0,4.0,3.0,1.0,2.0,4.0,5.0,3.0,2.0,68.0,5.0,4,6.0,4.0
30.0,2.0,2.0,3.0,2.0,4.0,5.0,4.0,5.0,68.0,4.0,4,6.0,4.0
40.0,3.0,4.0,2.0,2.0,5.0,5.0,4.0,5.0,44.0,4.0,4,8.0,6.0
25.0,3.0,3.0,3.0,1.0,4.0,5.0,5.0,5.0,84.0,5.0,4,7.0,4.0
37.0,3.0,3.0,3.0,2.0,5.0,5.0,4.0,5.0,76.0,5.0,4,7.0,2.0
50.0,4.0,4.0,4.0,1.0,4.0,5.0,3.0,5.0,76.0,5.0,4,7.0,4.0
13.0,2.0,3.0,2.0,2.0,5.0,5.0,5.0,5.0,64.0,6.0,4,8.0,4.0
36.0,2.0,3.0,1.0,2.0,5.0,5.0,5.0,5.0,100.0,4.0,4,2.0,1.0
37.0,3.0,3.0,2.0,2.0,5.0,5.0,5.0,5.0,64.0,6.0,4,5.0,6.0
19.0,4.0,1.0,1.0,2.0,5.0,5.0,5.0,4.0,84.0,2.0,4,7.0,1.0
50.0,4.0,4.0,4.0,2.0,4.0,5.0,4.0,3.0,60.0,5.0,4,8.0,6.0
30.0,3.0,4.0,3.0,2.0,4.0,5.0,5.0,5.0,76.0,4.0,4,6.0,4.0
22.0,5.0,5.0,3.0,1.0,3.0,5.0,1.0,4.0,72.0,4.0,4,3.0,1.0
40.0,3.0,4.0,3.0,2.0,5.0,5.0,4.0,4.0,72.0,5.0,4,8.0,2.0
40.0,3.0,2.0,1.0,2.0,5.0,5.0,5.0,5.0,84.0,3.0,4,9.0,6.0
45.0,4.0,4.0,4.0,1.0,5.0,5.0,5.0,4.0,28.0,4.0,4,6.0,4.0
25.0,4.0,2.0,3.0,1.0,4.0,4.0,3.0,5.0,80.0,4.0,4,8.0,6.0
35.0,2.0,4.0,4.0,2.0,5.0,5.0,5.0,4.0,80.0,4.0,4,7.0,4.0
40.0,3.0,4.0,3.0,1.0,4.0,4.0,4.0,4.0,84.0,4.0,4,8.0,4.0
7.0,5.0,5.0,1.0,1.0,5.0,5.0,5.0,5.0,92.0,3.0,4,8.0,4.0
40.0,4.0,4.0,2.0,2.0,5.0,5.0,4.0,4.0,80.0,2.0,4,7.0,4.0
35.0,4.0,3.0,1.0,2.0,5.0,5.0,5.0,5.0,76.0,4.0,4,8.0,4.0
27.0,4.0,5.0,2.0,2.0,4.0,5.0,1.0,4.0,72.0,4.0,4,6.0,1.0
40.0,5.0,5.0,4.0,2.0,3.0,4.0,1.0,5.0,60.0,8.0,4,4.0,4.0
37.0,3.0,4.0,3.0,2.0,4.0,4.0,5.0,4.0,60.0,8.0,4,9.0,3.0
35.0,2.0,3.0,3.0,1.0,4.0,3.0,4.0,4.0,28.0,4.0,4,9.0,5.0
30.0,3.0,3.0,3.0,2.0,5.0,5.0,5.0,5.0,52.0,4.0,4,7.0,6.0
37.0,3.0,3.0,1.0,2.0,5.0,5.0,5.0,5.0,84.0,4.0,4,7.0,4.0
40.0,3.0,2.0,4.0,2.0,5.0,5.0,5.0,5.0,80.0,6.0,4,7.0,6.0
37.0,3.0,3.0,3.0,2.0,3.0,3.0,3.0,4.0,56.0,7.0,4,7.0,6.0
38.0,3.0,3.0,4.0,1.0,5.0,5.0,4.0,4.0,72.0,5.0,4,8.0,4.0
30.0,2.0,2.0,2.0,2.0,5.0,4.0,4.0,4.0,84.0,4.0,4,7.0,1.0
45.0,2.0,4.0,3.0,1.0,4.0,4.0,1.0,5.0,4.0,4.0,4,6.0,6.0
35.0,3.0,3.0,3.0,2.0,5.0,5.0,5.0,4.0,80.0,4.0,4,7.0,4.0
30.0,4.0,4.0,3.0,2.0,4.0,5.0,4.0,5.0,56.0,6.0,4,6.0,2.0
40.0,3.0,3.0,2.0,2.0,5.0,5.0,5.0,5.0,100.0,3.0,4,6.0,3.0
35.0,2.0,2.0,3.0,2.0,5.0,5.0,5.0,5.0,80.0,4.0,4,8.0,6.0
40.0,3.0,3.0,3.0,1.0,2.0,2.0,3.0,5.0,40.0,5.0,4,8.0,4.0
35.0,5.0,5.0,2.0,1.0,5.0,5.0,4.0,5.0,84.0,8.0,4,5.0,6.0
30.0,2.0,2.0,3.0,2.0,4.0,5.0,1.0,5.0,100.0,5.0,4,7.0,4.0
40.0,3.0,3.0,4.0,2.0,5.0,5.0,2.0,4.0,84.0,4.0,4,7.0,4.0
50.0,3.0,4.0,4.0,1.0,5.0,4.0,4.0,5.0,92.0,4.0,4,6.0,6.0
33.0,4.0,4.0,1.0,2.0,4.0,4.0,5.0,5.0,72.0,5.0,4,7.0,6.0
45.0,3.0,4.0,3.0,2.0,4.0,4.0,3.0,5.0,96.0,4.0,4,8.0,6.0
40.0,4.0,1.0,2.0,2.0,5.0,5.0,4.0,5.0,68.0,4.0,4,5.0,1.0
20.0,3.0,3.0,2.0,2.0,5.0,5.0,5.0,4.0,80.0,4.0,4,7.0,4.0
39.0,4.0,1.0,2.0,2.0,5.0,5.0,5.0,5.0,92.0,4.0,6,7.0,2.0
45.0,4.0,5.0,4.0,1.0,4.0,4.0,3.0,4.0,52.0,7.0,6,8.0,2.0
35.0,3.0,3.0,3.0,2.0,5.0,5.0,4.0,5.0,44.0,8.0,6,6.0,6.0
35.0,4.0,3.0,4.0,2.0,4.0,2.0,1.0,3.0,36.0,4.0,6,6.0,4.0
72.0,1.0,3.0,1.0,1.0,1.0,3.0,2.0,4.0,60.0,4.0,6,6.0,2.0
36.0,3.0,1.0,3.0,2.0,5.0,5.0,5.0,5.0,84.0,8.0,6,4.0,1.0
50.0,4.0,5.0,3.0,1.0,5.0,5.0,3.0,4.0,60.0,8.0,6,9.0,2.0
38.0,3.0,2.0,5.0,2.0,4.0,4.0,2.0,5.0,52.0,5.0,6,8.0,4.0
40.0,5.0,4.0,3.0,2.0,5.0,5.0,5.0,4.0,68.0,4.0,6,5.0,2.0
40.0,3.0,5.0,1.0,2.0,5.0,5.0,5.0,5.0,68.0,2.0,6,7.0,2.0
45.0,3.0,3.0,1.0,2.0,5.0,5.0,5.0,3.0,76.0,4.0,6,7.0,1.0
42.0,3.0,1.0,1.0,2.0,4.0,5.0,4.0,4.0,72.0,2.0,6,7.0,2.0
30.0,3.0,3.0,1.0,2.0,4.0,5.0,5.0,5.0,88.0,8.0,6,6.0,2.0
35.0,1.0,1.0,1.0,2.0,5.0,5.0,2.0,4.0,68.0,8.0,6,3.0,1.0
40.0,3.0,4.0,3.0,2.0,4.0,4.0,3.0,3.0,72.0,4.0,6,9.0,2.0
40.0,5.0,4.0,1.0,2.0,5.0,5.0,5.0,5.0,68.0,3.0,6,4.0,1.0
40.0,5.0,3.0,5.0,1.0,5.0,5.0,4.0,3.0,60.0,8.0,6,6.0,2.0
40.0,3.0,2.0,1.0,2.0,5.0,5.0,2.0,4.0,68.0,4.0,6,5.0,2.0
38.0,4.0,4.0,5.0,1.0,1.0,3.0,1.0,2.0,0.0,4.0,6,5.0,5.0
38.0,3.0,4.0,4.0,2.0,3.0,5.0,2.0,4.0,52.0,4.0,6,7.0,4.0
40.0,4.0,4.0,2.0,1.0,4.0,5.0,4.0,5.0,60.0,4.0,6,4.0,2.0
25.0,5.0,5.0,2.0,1.0,2.0,3.0,1.0,3.0,36.0,4.0,6,4.0,1.0
39.0,3.0,2.0,2.0,2.0,5.0,5.0,5.0,5.0,96.0,2.0,6,6.0,1.0
40.0,3.0,3.0,4.0,2.0,5.0,5.0,5.0,5.0,84.0,8.0,6,6.0,2.0
36.0,4.0,4.0,3.0,2.0,4.0,4.0,4.0,5.0,64.0,4.0,6,7.0,2.0
40.0,4.0,4.0,1.0,2.0,5.0,5.0,5.0,4.0,80.0,4.0,6,5.0,4.0
30.0,3.0,3.0,2.0,2.0,2.0,5.0,4.0,4.0,44.0,7.0,6,7.0,2.0
39.0,4.0,4.0,4.0,2.0,4.0,4.0,3.0,4.0,88.0,8.0,6,4.0,1.0
37.0,3.0,3.0,3.0,1.0,3.0,3.0,3.0,4.0,76.0,7.0,6,5.0,1.0
35.0,3.0,4.0,4.0,2.0,4.0,4.0,2.0,4.0,56.0,8.0,6,8.0,2.0
37.0,3.0,5.0,2.0,2.0,3.0,5.0,4.0,5.0,84.0,4.0,6,5.0,2.0
30.0,5.0,2.0,1.0,2.0,3.0,3.0,4.0,4.0,36.0,4.0,6,6.0,2.0
40.0,1.0,2.0,3.0,2.0,5.0,5.0,5.0,5.0,80.0,4.0,6,5.0,1.0
35.0,4.0,3.0,3.0,1.0,4.0,4.0,3.0,3.0,76.0,8.0,6,7.0,5.0
35.0,3.0,5.0,5.0,1.0,5.0,5.0,4.0,5.0,80.0,4.0,6,5.0,2.0
43.0,3.0,1.0,5.0,2.0,5.0,5.0,5.0,5.0,96.0,6.0,6,8.0,5.0
35.0,3.0,2.0,5.0,2.0,5.0,5.0,2.0,4.0,84.0,4.0,6,6.0,2.0
40.0,2.0,2.0,2.0,2.0,5.0,4.0,4.0,4.0,72.0,5.0,6,7.0,2.0
35.0,4.0,3.0,3.0,2.0,4.0,4.0,1.0,4.0,64.0,7.0,6,4.0,1.0
40.0,4.0,3.0,4.0,2.0,5.0,5.0,5.0,4.0,64.0,3.0,6,7.0,4.0
37.0,4.0,1.0,2.0,2.0,5.0,5.0,5.0,4.0,56.0,4.0,6,5.0,4.0
41.0,4.0,4.0,3.0,2.0,5.0,5.0,4.0,4.0,64.0,5.0,6,5.0,4.0
52.0,5.0,5.0,5.0,2.0,3.0,3.0,2.0,2.0,40.0,4.0,6,6.0,2.0
35.0,4.0,5.0,4.0,1.0,5.0,5.0,5.0,4.0,64.0,4.0,6,6.0,2.0
40.0,5.0,5.0,5.0,1.0,3.0,3.0,1.0,2.0,72.0,4.0,6,8.0,2.0
40.0,3.0,3.0,3.0,2.0,5.0,5.0,4.0,4.0,64.0,4.0,6,3.0,1.0
38.0,3.0,2.0,3.0,2.0,4.0,4.0,2.0,4.0,56.0,8.0,6,6.0,1.0
38.0,3.0,3.0,1.0,2.0,5.0,5.0,5.0,4.0,84.0,3.0,6,7.0,4.0
40.0,4.0,4.0,2.0,2.0,2.0,5.0,3.0,4.0,36.0,7.0,6,5.0,1.0
38.0,3.0,3.0,4.0,2.0,5.0,5.0,4.0,4.0,76.0,6.0,6,5.0,1.0
37.0,3.0,1.0,2.0,2.0,5.0,5.0,4.0,4.0,56.0,8.0,6,6.0,2.0
60.0,4.0,3.0,1.0,2.0,5.0,5.0,5.0,3.0,84.0,4.0,6,9.0,2.0
40.0,4.0,4.0,4.0,1.0,2.0,5.0,5.0,2.0,52.0,4.0,6,7.0,6.0
32.0,4.0,4.0,2.0,2.0,4.0,4.0,4.0,3.0,40.0,4.0,6,5.0,5.0
38.0,3.0,1.0,5.0,2.0,5.0,5.0,1.0,3.0,56.0,5.0,6,7.0,2.0
40.0,5.0,1.0,5.0,1.0,3.0,5.0,2.0,3.0,72.0,8.0,6,8.0,2.0
24.0,4.0,4.0,2.0,1.0,5.0,5.0,5.0,5.0,40.0,4.0,6,5.0,2.0
45.0,3.0,3.0,1.0,1.0,1.0,2.0,1.0,4.0,40.0,5.0,6,7.0,3.0
38.0,4.0,3.0,3.0,1.0,3.0,5.0,1.0,4.0,68.0,4.0,6,6.0,2.0
38.0,4.0,2.0,4.0,1.0,4.0,4.0,3.0,4.0,68.0,3.0,6,6.0,2.0
40.0,3.0,3.0,2.0,2.0,5.0,4.0,5.0,5.0,80.0,8.0,6,8.0,3.0
48.0,4.0,4.0,5.0,2.0,3.0,3.0,5.0,3.0,52.0,6.0,6,6.0,2.0
39.0,4.0,4.0,4.0,2.0,5.0,4.0,5.0,4.0,40.0,8.0,6,7.0,1.0
40.0,4.0,5.0,3.0,1.0,3.0,3.0,2.0,2.0,60.0,4.0,6,5.0,2.0
40.0,1.0,1.0,4.0,2.0,5.0,5.0,3.0,5.0,76.0,4.0,6,5.0,1.0
36.0,5.0,3.0,3.0,2.0,2.0,4.0,2.0,4.0,56.0,4.0,6,5.0,4.0
37.0,3.0,1.0,2.0,2.0,4.0,4.0,1.0,4.0,84.0,7.0,6,6.0,1.0
38.0,2.0,2.0,3.0,2.0,5.0,4.0,4.0,3.0,76.0,8.0,6,5.0,1.0
26.0,3.0,3.0,4.0,1.0,1.0,5.0,1.0,5.0,80.0,6.0,6,6.0,2.0
45.0,1.0,1.0,3.0,2.0,5.0,4.0,5.0,5.0,64.0,4.0,6,6.0,4.0
38.0,3.0,1.0,5.0,1.0,5.0,5.0,5.0,5.0,84.0,7.0,6,6.0,1.0
57.0,5.0,5.0,4.0,1.0,4.0,5.0,2.0,2.0,16.0,8.0,6,9.0,2.0
35.0,5.0,5.0,1.0,1.0,4.0,4.0,4.0,5.0,76.0,4.0,6,9.0,2.0
55.0,5.0,4.0,5.0,1.0,5.0,5.0,3.0,4.0,60.0,8.0,6,6.0,2.0
35.0,3.0,4.0,4.0,2.0,4.0,5.0,4.0,4.0,76.0,4.0,6,6.0,2.0
35.0,4.0,3.0,5.0,2.0,4.0,5.0,3.0,4.0,60.0,7.0,6,8.0,2.0
62.0,4.0,4.0,4.0,1.0,5.0,5.0,4.0,4.0,68.0,4.0,6,7.0,4.0
40.0,5.0,5.0,4.0,2.0,3.0,3.0,1.0,5.0,60.0,8.0,6,5.0,2.0
38.0,3.0,2.0,5.0,1.0,3.0,5.0,1.0,4.0,68.0,4.0,6,7.0,2.0
25.0,4.0,4.0,3.0,2.0,4.0,5.0,2.0,4.0,44.0,4.0,6,6.0,2.0
35.0,4.0,4.0,4.0,1.0,2.0,3.0,1.0,2.0,36.0,5.0,6,6.0,5.0
38.0,5.0,5.0,5.0,1.0,3.0,5.0,3.0,4.0,24.0,4.0,6,6.0,2.0
35.0,5.0,2.0,4.0,2.0,1.0,5.0,1.0,4.0,12.0,4.0,6,5.0,1.0
35.0,5.0,5.0,4.0,1.0,4.0,4.0,1.0,4.0,60.0,4.0,6,6.0,2.0
50.0,5.0,5.0,3.0,2.0,5.0,5.0,4.0,5.0,44.0,8.0,6,7.0,4.0
45.0,3.0,5.0,4.0,2.0,5.0,5.0,2.0,5.0,32.0,8.0,6,7.0,1.0
37.0,3.0,2.0,3.0,2.0,4.0,5.0,3.0,3.0,24.0,8.0,6,6.0,2.0
40.0,3.0,3.0,2.0,1.0,3.0,3.0,4.0,3.0,16.0,8.0,6,9.0,3.0
40.0,4.0,4.0,3.0,2.0,2.0,4.0,2.0,3.0,44.0,8.0,6,8.0,1.0
35.0,4.0,4.0,4.0,2.0,4.0,5.0,3.0,3.0,84.0,4.0,6,8.0,1.0
40.0,2.0,2.0,3.0,2.0,4.0,5.0,5.0,5.0,72.0,6.0,6,7.0,1.0
37.0,3.0,4.0,4.0,2.0,5.0,5.0,5.0,5.0,84.0,8.0,6,8.0,6.0
37.0,3.0,4.0,2.0,2.0,5.0,5.0,4.0,5.0,68.0,8.0,6,7.0,4.0
36.0,5.0,5.0,4.0,1.0,2.0,3.0,4.0,2.0,48.0,4.0,6,8.0,2.0
35.0,3.0,5.0,5.0,2.0,3.0,5.0,5.0,5.0,92.0,5.0,6,6.0,1.0
32.0,5.0,4.0,4.0,1.0,3.0,5.0,2.0,4.0,24.0,6.0,6,8.0,3.0
35.0,3.0,4.0,3.0,2.0,4.0,5.0,5.0,4.0,76.0,6.0,6,6.0,2.0
38.0,3.0,3.0,2.0,2.0,1.0,5.0,3.0,4.0,64.0,4.0,6,6.0,2.0
38.0,4.0,4.0,3.0,2.0,3.0,3.0,2.0,4.0,72.0,8.0,6,5.0,1.0
38.0,5.0,5.0,4.0,2.0,2.0,3.0,4.0,3.0,68.0,4.0,6,8.0,2.0
45.0,4.0,4.0,2.0,1.0,4.0,4.0,4.0,5.0,96.0,5.0,6,8.0,3.0
40.0,4.0,2.0,4.0,2.0,5.0,5.0,4.0,4.0,64.0,6.0,6,8.0,2.0
40.0,5.0,5.0,4.0,1.0,4.0,5.0,4.0,2.0,60.0,5.0,6,7.0,2.0
50.0,3.0,4.0,4.0,2.0,5.0,4.0,5.0,3.0,56.0,8.0,6,9.0,2.0
40.0,3.0,1.0,5.0,2.0,4.0,5.0,5.0,5.0,72.0,4.0,6,5.0,2.0
35.0,2.0,4.0,5.0,2.0,2.0,5.0,3.0,4.0,32.0,5.0,6,6.0,1.0
28.0,5.0,4.0,5.0,1.0,3.0,5.0,1.0,5.0,48.0,8.0,6,6.0,5.0
40.0,5.0,5.0,5.0,2.0,5.0,5.0,5.0,5.0,64.0,8.0,6,6.0,1.0
38.0,5.0,4.0,3.0,2.0,5.0,5.0,4.0,5.0,92.0,8.0,6,8.0,5.0
35.0,4.0,5.0,5.0,1.0,5.0,5.0,2.0,4.0,80.0,8.0,6,6.0,2.0
35.0,3.0,4.0,1.0,2.0,3.0,4.0,5.0,3.0,80.0,5.0,6,7.0,1.0
40.0,4.0,4.0,5.0,1.0,5.0,4.0,3.0,3.0,68.0,6.0,6,7.0,1.0
48.0,2.0,2.0,1.0,2.0,5.0,5.0,5.0,3.0,76.0,2.0,6,4.0,1.0
25.0,4.0,4.0,4.0,1.0,4.0,5.0,2.0,5.0,44.0,4.0,6,7.0,2.0
24.0,5.0,5.0,3.0,2.0,3.0,5.0,2.0,4.0,56.0,5.0,6,3.0,1.0
40.0,5.0,5.0,3.0,2.0,1.0,5.0,1.0,3.0,60.0,4.0,6,5.0,1.0
40.0,3.0,3.0,1.0,2.0,5.0,5.0,5.0,4.0,96.0,3.0,6,5.0,1.0
35.0,5.0,5.0,1.0,2.0,2.0,5.0,1.0,5.0,64.0,7.0,6,4.0,2.0
40.0,5.0,5.0,1.0,2.0,4.0,4.0,4.0,5.0,64.0,4.0,6,4.0,1.0
40.0,2.0,2.0,2.0,2.0,5.0,5.0,4.0,4.0,80.0,5.0,6,4.0,2.0
27.0,3.0,4.0,5.0,1.0,4.0,4.0,4.0,4.0,72.0,4.0,6,5.0,1.0
42.0,5.0,2.0,3.0,2.0,5.0,5.0,5.0,4.0,52.0,4.0,6,4.0,1.0
35.0,3.0,3.0,2.0,2.0,4.0,4.0,1.0,4.0,80.0,6.0,6,5.0,1.0
40.0,4.0,2.0,2.0,2.0,5.0,5.0,5.0,5.0,84.0,5.0,6,5.0,1.0
30.0,1.0,3.0,3.0,2.0,5.0,5.0,5.0,4.0,72.0,4.0,6,4.0,1.0
38.0,3.0,1.0,3.0,2.0,3.0,4.0,4.0,4.0,44.0,4.0,6,7.0,1.0
35.0,4.0,3.0,5.0,2.0,5.0,4.0,3.0,4.0,56.0,6.0,6,5.0,2.0
22.0,4.0,5.0,3.0,1.0,5.0,5.0,5.0,5.0,68.0,3.0,6,5.0,4.0
37.0,4.0,2.0,1.0,2.0,5.0,5.0,5.0,5.0,76.0,6.0,6,5.0,1.0
10.0,2.0,2.0,2.0,2.0,3.0,5.0,4.0,4.0,48.0,4.0,6,4.0,1.0
40.0,4.0,5.0,4.0,2.0,3.0,5.0,1.0,4.0,60.0,4.0,6,3.0,1.0
40.0,5.0,4.0,5.0,1.0,3.0,1.0,1.0,4.0,64.0,4.0,6,5.0,1.0
35.0,3.0,3.0,3.0,2.0,1.0,3.0,3.0,4.0,56.0,4.0,6,5.0,1.0
45.0,5.0,4.0,5.0,2.0,4.0,4.0,4.0,4.0,76.0,5.0,6,8.0,2.0
38.0,3.0,4.0,2.0,2.0,5.0,5.0,4.0,4.0,80.0,5.0,6,4.0,2.0
40.0,5.0,5.0,5.0,1.0,3.0,3.0,4.0,4.0,56.0,5.0,6,4.0,1.0
40.0,4.0,2.0,5.0,1.0,2.0,3.0,1.0,4.0,64.0,6.0,6,8.0,1.0
45.0,4.0,4.0,4.0,2.0,2.0,4.0,1.0,4.0,40.0,7.0,6,8.0,4.0
20.0,4.0,2.0,4.0,2.0,5.0,5.0,5.0,5.0,60.0,2.0,6,5.0,1.0
35.0,5.0,5.0,5.0,1.0,3.0,5.0,5.0,4.0,44.0,7.0,6,7.0,2.0
45.0,5.0,5.0,5.0,2.0,5.0,4.0,5.0,3.0,52.0,2.0,6,8.0,5.0
40.0,3.0,3.0,1.0,2.0,5.0,5.0,1.0,5.0,92.0,7.0,6,7.0,4.0
42.0,3.0,3.0,4.0,2.0,4.0,4.0,2.0,4.0,68.0,5.0,6,7.0,5.0
20.0,3.0,3.0,1.0,1.0,5.0,5.0,4.0,4.0,44.0,2.0,6,6.0,3.0
12.0,1.0,1.0,2.0,2.0,1.0,1.0,2.0,4.0,24.0,2.0,6,5.0,1.0
13.0,1.0,1.0,3.0,2.0,2.0,4.0,2.0,5.0,80.0,4.0,6,5.0,1.0
38.0,4.0,5.0,4.0,2.0,5.0,5.0,5.0,4.0,76.0,4.0,6,8.0,4.0
37.0,4.0,4.0,5.0,2.0,3.0,5.0,2.0,5.0,64.0,5.0,6,7.0,5.0
40.0,3.0,3.0,2.0,2.0,5.0,5.0,5.0,4.0,84.0,4.0,6,8.0,6.0
38.0,5.0,5.0,5.0,2.0,3.0,2.0,1.0,4.0,16.0,4.0,6,3.0,1.0
38.0,2.0,1.0,2.0,2.0,2.0,4.0,1.0,5.0,72.0,8.0,6,6.0,2.0
38.0,4.0,5.0,5.0,1.0,3.0,3.0,4.0,4.0,48.0,4.0,6,8.0,3.0
40.0,4.0,4.0,4.0,2.0,4.0,4.0,4.0,4.0,60.0,4.0,6,8.0,3.0
35.0,2.0,2.0,2.0,2.0,5.0,5.0,5.0,5.0,84.0,2.0,6,7.0,2.0
20.0,2.0,3.0,1.0,2.0,5.0,4.0,5.0,5.0,84.0,2.0,6,8.0,6.0
25.0,2.0,4.0,4.0,2.0,4.0,4.0,5.0,5.0,64.0,2.0,6,7.0,1.0
39.0,3.0,3.0,5.0,1.0,2.0,4.0,1.0,2.0,52.0,4.0,6,6.0,2.0
40.0,3.0,2.0,4.0,2.0,5.0,5.0,5.0,4.0,68.0,4.0,6,8.0,1.0
20.0,3.0,3.0,1.0,2.0,3.0,4.0,1.0,4.0,68.0,4.0,6,1.0,1.0
40.0,2.0,3.0,3.0,1.0,5.0,5.0,5.0,4.0,80.0,2.0,8,6.0,1.0
8.0,2.0,1.0,2.0,2.0,5.0,5.0,5.0,4.0,76.0,5.0,8,5.0,2.0
6.0,1.0,1.0,1.0,2.0,5.0,2.0,2.0,2.0,92.0,4.0,8,6.0,2.0
45.0,3.0,2.0,3.0,2.0,5.0,5.0,5.0,4.0,72.0,5.0,8,5.0,1.0
40.0,5.0,4.0,2.0,2.0,3.0,4.0,4.0,5.0,80.0,6.0,8,7.0,6.0
40.0,5.0,5.0,4.0,1.0,4.0,4.0,4.0,4.0,32.0,4.0,8,7.0,3.0
40.0,3.0,4.0,4.0,1.0,3.0,3.0,5.0,4.0,52.0,4.0,8,5.0,4.0
36.0,3.0,2.0,2.0,2.0,3.0,5.0,3.0,4.0,68.0,2.0,8,7.0,3.0
40.0,2.0,3.0,1.0,2.0,5.0,5.0,5.0,5.0,60.0,8.0,8,5.0,1.0
40.0,4.0,2.0,1.0,2.0,5.0,5.0,5.0,4.0,36.0,4.0,8,7.0,2.0
40.0,1.0,3.0,1.0,2.0,5.0,5.0,5.0,3.0,64.0,3.0,8,8.0,2.0
40.0,3.0,1.0,2.0,2.0,5.0,5.0,4.0,4.0,76.0,4.0,8,4.0,1.0
36.0,3.0,3.0,5.0,2.0,3.0,5.0,4.0,2.0,56.0,2.0,8,4.0,2.0
38.0,3.0,3.0,1.0,2.0,5.0,5.0,5.0,5.0,68.0,5.0,8,8.0,4.0
40.0,4.0,3.0,3.0,2.0,5.0,5.0,5.0,4.0,60.0,5.0,8,6.0,4.0
37.0,4.0,4.0,4.0,1.0,5.0,4.0,4.0,5.0,72.0,4.0,8,5.0,6.0
35.0,2.0,1.0,1.0,1.0,5.0,5.0,2.0,4.0,80.0,4.0,8,3.0,1.0
40.0,5.0,3.0,2.0,2.0,5.0,5.0,5.0,4.0,72.0,1.0,8,6.0,6.0
38.0,2.0,2.0,2.0,1.0,5.0,5.0,4.0,4.0,88.0,4.0,8,6.0,4.0
30.0,2.0,2.0,3.0,2.0,1.0,5.0,4.0,5.0,64.0,2.0,8,4.0,1.0
30.0,4.0,4.0,3.0,1.0,4.0,4.0,4.0,5.0,32.0,5.0,8,8.0,1.0
20.0,4.0,2.0,3.0,2.0,5.0,4.0,4.0,4.0,48.0,5.0,8,7.0,1.0
12.0,4.0,3.0,1.0,2.0,5.0,5.0,5.0,4.0,52.0,4.0,8,4.0,2.0
40.0,4.0,3.0,5.0,1.0,5.0,4.0,4.0,3.0,48.0,5.0,8,7.0,6.0
35.0,1.0,1.0,2.0,2.0,5.0,3.0,3.0,4.0,88.0,2.0,8,5.0,2.0
40.0,5.0,4.0,2.0,2.0,5.0,4.0,5.0,5.0,36.0,4.0,8,8.0,6.0
39.0,3.0,2.0,2.0,2.0,4.0,4.0,2.0,5.0,60.0,6.0,8,7.0,3.0
30.0,3.0,1.0,2.0,2.0,5.0,4.0,5.0,5.0,64.0,2.0,8,2.0,1.0
34.0,5.0,5.0,3.0,1.0,2.0,4.0,4.0,3.0,40.0,4.0,8,7.0,1.0
30.0,5.0,5.0,5.0,1.0,3.0,3.0,1.0,4.0,32.0,5.0,8,3.0,2.0
20.0,2.0,2.0,1.0,2.0,5.0,5.0,4.0,4.0,72.0,2.0,8,7.0,1.0
60.0,4.0,3.0,3.0,2.0,5.0,5.0,4.0,4.0,64.0,6.0,8,8.0,5.0
37.0,4.0,3.0,1.0,2.0,5.0,4.0,5.0,5.0,96.0,4.0,8,8.0,2.0
35.0,3.0,3.0,2.0,2.0,3.0,5.0,4.0,3.0,64.0,2.0,8,6.0,6.0
39.0,2.0,2.0,2.0,2.0,5.0,5.0,4.0,5.0,88.0,4.0,8,8.0,6.0
40.0,4.0,4.0,3.0,2.0,5.0,5.0,3.0,4.0,80.0,2.0,8,7.0,2.0
72.0,4.0,2.0,4.0,2.0,1.0,2.0,1.0,3.0,60.0,3.0,8,5.0,2.0
40.0,3.0,3.0,5.0,2.0,3.0,4.0,4.0,4.0,84.0,6.0,8,5.0,3.0
50.0,4.0,3.0,5.0,1.0,1.0,4.0,1.0,4.0,48.0,6.0,8,5.0,2.0
40.0,5.0,3.0,2.0,2.0,3.0,5.0,4.0,5.0,84.0,4.0,8,5.0,2.0
39.0,3.0,1.0,1.0,2.0,5.0,5.0,5.0,5.0,92.0,4.0,8,2.0,1.0
40.0,1.0,1.0,1.0,2.0,1.0,5.0,4.0,4.0,56.0,3.0,8,4.0,1.0
72.0,4.0,5.0,5.0,2.0,5.0,5.0,4.0,2.0,60.0,4.0,8,5.0,2.0
40.0,2.0,5.0,1.0,2.0,5.0,5.0,5.0,5.0,96.0,1.0,8,5.0,5.0
45.0,3.0,2.0,2.0,1.0,5.0,5.0,5.0,5.0,52.0,2.0,8,5.0,2.0
45.0,3.0,5.0,2.0,1.0,3.0,5.0,2.0,4.0,68.0,2.0,8,5.0,2.0
40.0,5.0,5.0,5.0,2.0,3.0,4.0,4.0,3.0,68.0,3.0,8,5.0,1.0
20.0,5.0,5.0,4.0,2.0,2.0,3.0,1.0,4.0,40.0,3.0,8,4.0,2.0
27.0,5.0,5.0,4.0,2.0,1.0,3.0,1.0,3.0,68.0,4.0,8,5.0,1.0
40.0,3.0,4.0,3.0,2.0,4.0,4.0,4.0,2.0,72.0,2.0,8,7.0,2.0
40.0,1.0,1.0,3.0,2.0,5.0,5.0,5.0,5.0,68.0,1.0,8,4.0,1.0
20.0,4.0,3.0,3.0,2.0,1.0,1.0,5.0,5.0,36.0,1.0,8,7.0,1.0
22.0,1.0,3.0,3.0,1.0,4.0,1.0,4.0,4.0,68.0,5.0,8,3.0,1.0
30.0,2.0,1.0,2.0,2.0,5.0,5.0,4.0,4.0,56.0,4.0,8,4.0,1.0
40.0,3.0,3.0,1.0,1.0,5.0,5.0,5.0,4.0,76.0,2.0,8,6.0,1.0
24.0,3.0,1.0,3.0,2.0,3.0,3.0,5.0,5.0,36.0,1.0,8,3.0,1.0
40.0,1.0,1.0,3.0,1.0,3.0,1.0,5.0,5.0,40.0,1.0,8,4.0,1.0
38.0,5.0,4.0,1.0,2.0,5.0,5.0,5.0,4.0,64.0,4.0,8,7.0,1.0
40.0,4.0,2.0,1.0,2.0,5.0,5.0,5.0,5.0,92.0,2.0,8,5.0,1.0
23.0,5.0,5.0,3.0,2.0,5.0,5.0,3.0,4.0,92.0,5.0,8,5.0,2.0
25.0,5.0,5.0,4.0,1.0,4.0,4.0,3.0,3.0,52.0,4.0,8,7.0,1.0
40.0,5.0,5.0,3.0,1.0,1.0,1.0,4.0,2.0,28.0,1.0,8,3.0,1.0
40.0,4.0,3.0,2.0,2.0,3.0,4.0,4.0,4.0,64.0,3.0,8,5.0,1.0
40.0,1.0,1.0,4.0,1.0,3.0,4.0,1.0,2.0,24.0,1.0,8,5.0,1.0
39.0,1.0,5.0,3.0,2.0,5.0,5.0,5.0,4.0,36.0,4.0,8,5.0,5.0
40.0,5.0,3.0,1.0,2.0,2.0,4.0,2.0,5.0,40.0,4.0,8,5.0,1.0
48.0,5.0,5.0,4.0,2.0,3.0,4.0,1.0,2.0,60.0,8.0,7,5.0,2.0
40.0,5.0,1.0,1.0,1.0,5.0,5.0,1.0,4.0,80.0,4.0,2,3.0,1.0
